,Unnamed: 0,name,rating,distance
0,0,Imperii,5.0,168.53536679698365
1,1,Restaurant Steaktrain,4.0,41.835296508294654
2,2,Romanushof,4.0,281.7782402413524
3,3,Augustiner am Markt,4.5,391.32165298582674
4,4,Auerbachs Keller,4.0,504.8166331361623
5,5,Handbrotzeit,4.5,261.2365767671032
6,6,Pizzeria by Toni,5.0,52.54033540280785
7,7,Phô Viêt,4.0,319.0373856666875
8,8,Reinhardts im Gasthaus Alte Nikolaischule,4.5,320.46008271177595
9,9,Kildare City Pub,4.5,437.1977399034495
10,10,Rizzi,4.0,362.1117631571468
11,11,Wurstmeister,3.5,104.83632116064364
12,12,Soup & Nem,4.0,224.46011592043453
13,13,Dhillons,3.5,251.4408973892105
14,14,Falco,4.5,371.1092976263483
15,15,Indian Crown,4.5,248.36283677108472
16,16,Valentino,4.0,418.671085859072
17,17,Burgermeister,4.0,281.5216376401229
18,18,Lukas Bäckerei,4.0,286.21388248751447
19,19,Brasserie Le Grand,4.5,414.03670331857705
20,20,Restaurant Brühl,4.5,515.1337052255345
21,21,Mythos,5.0,468.2859270404508
22,22,Luigi's,4.5,276.5058039064607
23,23,Andria,3.5,211.99583687225063
24,24,Morrison's Traditional Irish Pub,4.0,219.94142385195383
25,25,asia hung,4.0,130.74935776573716
26,26,Milchbar Pinguin,4.0,336.75610062623736
27,27,Goldene Kugel Leipzig,3.0,116.53863469692844
28,28,Iberica Weindepot & Tappas,5.0,311.6956238586273
29,29,Indian Fingerfoods,5.0,250.89212955187773
30,30,Hà Nôi Cousine,3.0,112.19030731500582
31,31,Café Madrid,4.0,560.7077317395864
32,32,Mekong Asiasupermarkt,5.0,196.8404667367492
33,33,Micello‘s,4.0,276.5058039064607
34,34,Rockeria,3.0,236.4409859576552
35,35,Yaki Gourmet,3.5,280.8191869152495
36,36,Planerts,4.0,266.8869499997333
37,37,Pommesfreunde,4.0,215.06529377030196
38,38,Opern Cafe,5.0,427.9263755350217
39,39,Gourmetrestaurant Villers,5.0,466.1480874306815
40,40,Enchilada,3.5,419.53770093207913
41,41,Leo's Brasserie,3.5,237.22288365446704
42,42,Pepper House,3.0,273.6201112323558
43,43,Curry & Co.,4.5,381.518833592889
44,44,Indian Palace,4.0,274.88537549747895
45,45,Restaurant Weinstock,4.0,389.4443619903615
46,46,Masala,3.5,271.8329624617292
47,47,Trattoria Toskana,4.0,224.46011592043453
48,48,Mumbai Indian Cuisine und Lounge,3.5,237.6658741894732
49,49,Fatih Servet,3.0,194.12508452476493
50,50,Unter Rock im Geyserhaus,5.0,455.4014255086952
51,51,Gaststätte Goldene Höhe,0.0,241.60896198593343
52,52,Zum Rammler,0.0,499.6415042511108
53,53,Prodomo,0.0,561.6079649056137
54,54,Gaststätte Neumann,3.0,499.3694861503113
55,55,Bajwas Pizza Service,4.0,657.2695971730394
56,56,Cafe zur Alten Anlage,0.0,414.56368138589545
57,57,Restaurant -Astral Inn,0.0,336.2350565078093
58,58,Glashaus,3.5,342.3313237323831
59,59,Scheibenholz,0.0,47.36800233148902
60,60,Musikpavillon,3.5,477.1149712106497
61,61,Rennbahn Gastronomie,2.5,303.12593277060853
62,62,Zum Parkstübl,0.0,478.8771048408819
63,63,Imperii,5.0,261.88994056562274
64,64,Restaurant Steaktrain,4.0,159.5124681841967
65,65,Romanushof,4.0,378.0343901121325
66,66,Augustiner am Markt,4.5,505.10195884592594
67,67,Handbrotzeit,4.5,372.9924771640388
68,68,Falco,4.5,338.0350699899853
69,69,Pizzeria by Toni,5.0,168.94534555565653
70,70,Phô Viêt,4.0,424.3956154648149
71,71,Wurstmeister,3.5,170.28776730451847
72,72,Soup & Nem,4.0,339.30438243021365
73,73,Kildare City Pub,4.5,551.4766723489065
74,74,Restaurant Brühl,4.5,448.9508188023668
75,75,Burgermeister,4.0,356.846513710547
76,76,Mythos,5.0,463.55253560188913
77,77,asia hung,4.0,33.88297578947768
78,78,Reinhardts im Gasthaus Alte Nikolaischule,4.5,430.3261547540203
79,79,Rizzi,4.0,478.6117662044472
80,80,Lukas Bäckerei,4.0,375.6793250378825
81,81,Dhillons,3.5,369.1704031484854
82,82,Yaki Gourmet,3.5,256.2836159078544
83,83,Masala,3.5,174.7455235046334
84,84,Morrison's Traditional Irish Pub,4.0,311.19100945909565
85,85,Indian Crown,4.5,364.2809239693345
86,86,Valentino,4.0,490.5712253650799
87,87,Andria,3.5,325.20299213807715
88,88,Fatih Servet,3.0,91.76189066563968
89,89,Café Madrid,4.0,674.2177920346431
90,90,Goldene Kugel Leipzig,3.0,180.43313796565252
91,91,Thai-chi-viet,3.5,182.4184612043414
92,92,Mekong Asiasupermarkt,5.0,287.3212327392607
93,93,Brasserie Le Grand,4.5,531.7668577667363
94,94,Luigi's,4.5,375.9886975636762
95,95,Indian Fingerfoods,5.0,365.2258124196989
96,96,Iberica Weindepot & Tappas,5.0,412.49842856196784
97,97,Pommesfreunde,4.0,297.9535946859283
98,98,Rockeria,3.0,335.47780138044743
99,99,Milchbar Pinguin,4.0,450.8983184399572
100,100,Hà Nôi Cousine,3.0,229.34606626059903
101,101,Micello‘s,4.0,375.9886975636762
102,102,Planerts,4.0,366.0353722919016
103,103,Pentahotel Restaurant,4.5,619.6715877395127
104,104,Leo's Brasserie,3.5,354.8980205221981
105,105,Pizza Hut,3.5,106.59510797095572
106,106,Enchilada,3.5,492.8706202416439
107,107,Indian Palace,4.0,389.2109946226811
108,108,Trattoria Toskana,4.0,339.30438243021365
109,109,Curry & Co.,4.5,465.0345560303659
110,110,Pepper House,3.0,390.6553931549633
111,111,Wiener Feinbäckerei Heberer,3.0,33.88297578947768
112,112,Fürst,4.0,611.74495512004
113,113,Imperii,5.0,380.9335612570852
114,114,Restaurant Steaktrain,4.0,259.9501548463015
115,115,Augustiner am Markt,4.5,579.2640348476473
116,116,Romanushof,4.0,427.1550402083
117,117,Restaurant Brühl,4.5,333.7452210945346
118,118,Falco,4.5,253.31054077188296
119,119,Mythos,5.0,396.179881473078
120,120,Handbrotzeit,4.5,483.0831156644665
121,121,Wurstmeister,3.5,222.5699775966372
122,122,Burgermeister,4.0,382.33573662670767
123,123,Pizzeria by Toni,5.0,274.0485425545656
124,124,Phô Viêt,4.0,484.3066922264005
125,125,asia hung,4.0,142.26642787548803
126,126,Lukas Bäckerei,4.0,416.22662250889294
127,127,Soup & Nem,4.0,445.4335196977275
128,128,Rizzi,4.0,562.0039283847274
129,129,Valentino,4.0,502.1788805108089
130,130,Masala,3.5,211.85541603126345
131,131,Gourmetrestaurant Villers,5.0,494.4010305325072
132,132,Fatih Servet,3.0,152.28732631319733
133,133,Yaki Gourmet,3.5,354.205416717771
134,134,Thai-chi-viet,3.5,191.67119824994407
135,135,Dhillons,3.5,464.622762271736
136,136,Pommesfreunde,4.0,338.46338196971203
137,137,Indian Crown,4.5,448.3132507208694
138,138,Goldene Kugel Leipzig,3.0,227.77040243954852
139,139,Luigi's,4.5,429.6455413515597
140,140,Micello‘s,4.0,429.6455413515597
141,141,Morrison's Traditional Irish Pub,4.0,431.2079427285308
142,142,Andria,3.5,433.7005805712383
143,143,Hà Nôi Cousine,3.0,331.5825882335629
144,144,Rockeria,3.0,391.4077096754077
145,145,Mekong Asiasupermarkt,5.0,407.3227558170899
146,146,Milchbar Pinguin,4.0,527.3289010229544
147,147,Indian Fingerfoods,5.0,472.0622652112192
148,148,Enchilada,3.5,506.064195322462
149,149,Yasumi,4.5,517.0807006407694
150,150,Pizza Hut,3.5,190.6654496623876
151,151,Planerts,4.0,484.03443559340656
152,152,Curry & Co.,4.5,492.2733483860992
153,153,Wiener Feinbäckerei Heberer,3.0,142.26642787548803
154,154,Leo's Brasserie,3.5,451.6849457724524
155,155,Schnitzel Culture,3.0,672.8728252402423
156,156,snack 'n coffee,3.5,126.25138833702036
157,157,Al-Madina-Bistro,5.0,434.5873404768391
158,158,Pepper House,3.0,478.3068435353342
159,159,Trattoria Toskana,4.0,445.4335196977275
160,160,Restaurant Weinstock,4.0,572.0618279857232
161,161,Steinecke,4.5,529.3558710553052
162,162,Wenzel Leipzig,3.5,664.3661370835343
163,163,Cafe Krüger,5.0,78.58044123860884
164,164,Alexandros,4.0,320.3232364035951
165,165,Bowling Gipfel,4.5,110.81465869872534
166,166,Unter Rock im Geyserhaus,5.0,528.6314652778385
167,167,Ristorante Farfalla,4.5,534.1069794699116
168,168,Calimero,5.0,364.39878897513137
169,169,Kulturhaus Eutritzsch,3.5,395.1843700316216
170,170,Gaststätte Heimatscholle,2.0,383.7542806189702
171,171,Musikpavillon,3.5,35.8387226880078
172,172,Glashaus,3.5,283.153888691885
173,173,Cafe Palü,0.0,448.8038418653869
174,174,Rennbahn Gastronomie,2.5,419.6711514809149
175,175,Zum Parkstübl,0.0,570.3519045877085
176,176,Leipziger Umschlag Mittelalterspektakel,5.0,388.83992741730486
177,177,Sportklause Rotation 1950,0.0,483.8521639574303
178,178,Gasthaus Zur Schmiede,4.0,620.1771567021163
179,179,Sportklause Rotation 1950,0.0,568.2660544800326
180,180,Imperii,5.0,222.04240527830947
181,181,Restaurant Steaktrain,4.0,217.55013124517012
182,182,Auerbachs Keller,4.0,627.428613469353
183,183,Handbrotzeit,4.5,355.1019395449064
184,184,Augustiner am Markt,4.5,552.5883565782242
185,185,Romanushof,4.0,467.6269045438011
186,186,Soup & Nem,4.0,337.8396517753569
187,187,Reinhardts im Gasthaus Alte Nikolaischule,4.5,400.4165824219999
188,188,Yaki Gourmet,3.5,101.72443771854032
189,189,Pizzeria by Toni,5.0,212.31918650441528
190,190,Masala,3.5,138.53265896137694
191,191,Restaurant Brühl,4.5,593.3002817554873
192,192,Phô Viêt,4.0,497.5480563424071
193,193,Rizzi,4.0,512.7350650153168
194,194,asia hung,4.0,123.38425178806766
195,195,Morrison's Traditional Irish Pub,4.0,255.52444037593543
196,196,Wurstmeister,3.5,287.2174964075288
197,197,Dhillons,3.5,390.1338033991359
198,198,Falco,4.5,492.8647378676884
199,199,Mekong Asiasupermarkt,5.0,235.6299623639133
200,200,Opern Cafe,5.0,427.5667118447681
201,201,Pentahotel Restaurant,4.5,465.5534016560634
202,202,Andria,3.5,318.73588558975626
203,203,Planerts,4.0,316.3092231812322
204,204,Thai-chi-viet,3.5,178.69411147819366
205,205,Fatih Servet,3.0,117.27231999728424
206,206,Indian Crown,4.5,407.82140814069
207,207,Indian Fingerfoods,5.0,358.3357757706033
208,208,Burgermeister,4.0,470.2027332127191
209,209,Brasserie Le Grand,4.5,543.192626127278
210,210,Iberica Weindepot & Tappas,5.0,360.8004564672407
211,211,Pizza Hut,3.5,75.11197142018372
212,212,Lukas Bäckerei,4.0,474.2443318243514
213,213,Hà Nôi Cousine,3.0,259.6811957236059
214,214,Milchbar Pinguin,4.0,498.6917687900908
215,215,Goldene Kugel Leipzig,3.0,299.04252534561414
216,216,Nordsee,3.5,101.61192007924572
217,217,Luigi's,4.5,460.7439020942908
218,218,Rockeria,3.0,421.7051029439948
219,219,Micello‘s,4.0,460.7439020942908
220,220,Fair Play,4.0,208.6717790914464
221,221,Pommesfreunde,4.0,404.0086602993737
222,222,Indian Palace,4.0,379.78195704126256
223,223,Leo's Brasserie,3.5,374.7034630957706
224,224,Trattoria Toskana,4.0,337.8396517753569
225,225,Andria Pastore,3.0,287.52546845748805
226,226,Pepper House,3.0,424.7872391292696
227,227,Subway,4.5,86.79000708113908
228,228,Wiener Feinbäckerei Heberer,3.0,123.38425178806766
229,229,Mumbai Indian Cuisine und Lounge,3.5,333.8213028808905
230,230,King Döner,5.0,293.8877106948957
231,231,Restaurant Apollon,3.5,284.017455108132
232,232,Ciao Bella,0.0,254.27847441908295
233,233,Subway,0.0,433.5410109734335
234,234,asiagourmet,0.0,435.8466049940899
235,235,Dubrovnik,0.0,245.48641934049837
236,236,Nordsee,0.0,438.8602076042384
237,237,El Torro,4.0,497.5195955375647
238,238,Espresso Zack Zack,5.0,23.205795103600263
239,239,TRAGO,0.0,23.205795103600263
240,240,Hit Pizza Express,4.0,196.92742208750937
241,241,Waldbaur Klause,0.0,184.22480718960244
242,242,Thai Viet Chi China,0.0,455.8251351524916
243,243,MALA,0.0,463.32336707425634
244,244,Pizzeria-Family-Service,3.5,467.8611202341504
245,245,Neustadt,0.0,517.8036748853003
246,246,China-Restaurant Jang Tse,0.0,644.5795079121631
247,247,Tamers,4.5,37.63262598579712
248,248,Da Franco,3.5,42.60729887851835
249,249,Dankbar,5.0,120.4932302332089
250,250,Papperlapapp,4.0,140.14902957812214
251,251,Bacco 36,4.0,278.06828439791417
252,252,Happy Sushi,4.0,24.551024239597243
253,253,Von Meck,4.0,208.09010158259608
254,254,Aspendos Grill,4.0,273.28096772470883
255,255,L'arena,3.5,242.4316759348755
256,256,Fleischerei,4.5,115.14217868119889
257,257,Fleischerei Zeymer,4.5,104.76600600785424
258,258,Majed Grill-Döner und Bistro,5.0,331.4374267600527
259,259,Piccolo Steakhouse,4.0,439.00995295271485
260,260,Leming Bistro,3.5,331.4374267600527
261,261,Arena Döner und Pizza,4.0,306.58259719872217
262,262,Schrebers,4.5,517.7716099677175
263,263,Johann S.,4.5,517.7716099677175
264,264,La Casa,4.5,495.67553300500776
265,265,VoKü Libelle,5.0,665.9798482502408
266,266,Ristorante Pizzeria Roma,3.0,286.6396353395917
267,267,Spagos,4.0,517.7716099677175
268,268,Barfusz,3.5,517.7716099677175
269,269,Cafe Kandler,4.0,517.7716099677175
270,270,Mr. Wok 2,2.5,368.5431532484401
271,271,Paradiso Pizza,1.5,640.8064726365735
272,272,Ratskeller Leipzig,4.0,180.10496573349826
273,273,Auerbachs Keller,4.0,387.5208937653098
274,274,Il Corso,4.5,229.53540836218616
275,275,Hoshi,4.5,256.1171703810334
276,276,Max Enk,5.0,275.0347631854704
277,277,Weinwirtschaft,4.0,345.9552832728464
278,278,Schiller,4.0,111.7726919697029
279,279,L'Osteria,4.0,285.19467515424293
280,280,Zur Pleißenburg,3.5,243.59478208374236
281,281,Zchaca,4.5,266.35859105935424
282,282,maza pita,5.0,256.30683769587733
283,283,Café Gloria,5.0,347.9375530557871
284,284,Aladin- Kebab,3.5,227.12208357078657
285,285,Gaststätte Beyerhaus,3.5,324.1433385736432
286,286,Café Madrid,4.0,473.082891608378
287,287,Lucca-Bar,4.5,291.80566339999194
288,288,Hans im Glück,4.0,427.5697142610413
289,289,ALFA,5.0,293.05745215342483
290,290,Tuk Tuk,4.5,483.6895420622692
291,291,Restaurant Stadtpfeiffer,4.5,419.61230381898633
292,292,Bachstüb'l An Der Thomaskirche,3.5,333.0416881248736
293,293,Brasserie Le Grand,4.5,475.9638337462629
294,294,China White,4.0,398.5911662825549
295,295,Sakura,4.5,650.0414860885331
296,296,Bohemian Kids,4.5,250.39296089632455
297,297,CoCo Bistro,5.0,298.34964329821355
298,298,Pholosophy - vietnamese eatery & sushi,3.5,412.9494053819941
299,299,Apels Garten,4.0,539.8258688006455
300,300,Café Cantona,4.0,435.2359635730861
301,301,Brauhaus an der Thomaskirche,3.0,362.2553321043588
302,302,Amor,4.5,458.2257797858502
303,303,Thüringer Hof,3.5,268.9612943884365
304,304,Mifune,4.0,457.9555026099727
305,305,Kümmel Apotheke,3.5,342.92718632176366
306,306,Opern Cafe,5.0,581.787865699727
307,307,FraDiavolo,3.5,216.521577348815
308,308,Umaii,3.5,510.5670487390808
309,309,Sushi & Nem,3.0,280.308431656974
310,310,Ring-Café,4.0,398.23069053581895
311,311,La Grotta,3.5,256.1994412973352
312,312,Restaurant Panorama Tower,3.0,343.4835732836876
313,313,Tamarind,4.5,531.8976440080531
314,314,Café Central,4.0,457.6909299312015
315,315,Kantine,3.5,152.1879904108996
316,316,Haiky Vietnam Cooking,5.0,416.138469824069
317,317,Café Barbakane,4.0,323.1660217014255
318,318,Kandler,4.0,375.79533910491983
319,319,Beirut Night,4.0,483.6895420622692
320,320,Alex,3.5,455.1934309860403
321,321,Hotel Radisson,4.0,502.9773589242407
322,322,Diego,4.0,199.05899799740945
323,323,Bacco 36,4.0,447.3532106655124
324,324,Trattoria Nr.1,4.0,224.52055885233636
325,325,Mückenschlößchen,0.0,287.13717394013725
326,326,Pils-Pub Na und,0.0,389.2521633068529
327,327,Boomerang,0.0,381.7532325205115
328,328,Hotel Deutscher Hof,0.0,381.7532325205115
329,329,lauritz,0.0,512.0566209375505
330,330,l olive - Mediterranes zum Leben - in Leipizg,0.0,624.9744244406312
331,331,Romanushof,4.0,178.2918393035187
332,332,Imperii,5.0,506.5431699846876
333,333,Augustiner am Markt,4.5,271.80873196648645
334,334,Auerbachs Keller,4.0,453.23334197829655
335,335,Valentino,4.0,37.88926129702635
336,336,Kildare City Pub,4.5,291.82716536243834
337,337,Telegraph Café Restaurant,4.0,226.0928565704903
338,338,Enchilada,3.5,31.75355698563105
339,339,Restaurant Steaktrain,4.0,416.3117963366952
340,340,Phô Viêt,4.0,196.1828841437569
341,341,An Nam,4.5,420.2459226615478
342,342,Pilot,4.0,338.0718496089038
343,343,Café Madrid,4.0,341.6496260976273
344,344,Gourmetrestaurant Villers,5.0,149.6844163673039
345,345,Rizzi,4.0,315.45941079361404
346,346,Mythos,5.0,349.55540575102765
347,347,Dunkelrestaurant Mondschein,4.5,238.529200840756
348,348,Wagners,4.0,34.57328738105372
349,349,Burgermeister,4.0,162.28267996943495
350,350,Lukas Bäckerei,4.0,160.82098640099824
351,351,Sakura,4.5,412.9952609545838
352,352,Luigi's,4.5,191.8024016535631
353,353,Curry & Co.,4.5,65.5898749403078
354,354,Yasumi,4.5,84.27244880171862
355,355,Falco,4.5,415.7224627763699
356,356,Handbrotzeit,4.5,457.56495365208906
357,357,Wenzel Leipzig,3.5,217.8952593985632
358,358,Café Wagner,4.5,31.411393598387495
359,359,Steinecke,4.5,109.29943770157684
360,360,Zill's Tunnel,3.5,281.2216391473515
361,361,Micello‘s,4.0,191.8024016535631
362,362,Barcelona,4.0,425.47394256546295
363,363,Brasserie Le Grand,4.5,397.6966095296245
364,364,Kellari,4.0,253.58106826052503
365,365,Indian Crown,4.5,306.9032133838832
366,366,Milchbar Pinguin,4.0,271.95935358793474
367,367,Schnitzel Culture,3.0,197.31154368452243
368,368,Fürst,4.0,256.57603688958966
369,369,Soup & Nem,4.0,421.9688007622044
370,370,Umaii,3.5,303.19402119093274
371,371,Restaurant Weinstock,4.0,250.6278813679848
372,372,Piccola Italia,4.5,341.51170949228333
373,373,Dhillons,3.5,363.2944037662672
374,374,Weinwirtschaft,4.0,489.0114052146998
375,375,Reinhardts im Gasthaus Alte Nikolaischule,4.5,493.7955900421301
376,376,Wurstmeister,3.5,350.14405898350395
377,377,Rockeria,3.0,221.01111923146905
378,378,Prime Burger,3.0,29.716329172540025
379,379,Frittz,3.5,57.064317781493614
380,380,Café 100 Wasser,3.5,142.34384111667234
381,381,Imperii,5.0,352.66817439182665
382,382,Auerbachs Keller,4.0,325.64456684946
383,383,Hans im Glück,4.0,63.23715770168427
384,384,Augustiner am Markt,4.5,443.82034103700215
385,385,Handbrotzeit,4.5,279.7879548931432
386,386,Max Enk,5.0,220.10619745002663
387,387,Reinhardts im Gasthaus Alte Nikolaischule,4.5,223.81609733806908
388,388,Opern Cafe,5.0,113.98194037656812
389,389,Kildare City Pub,4.5,447.3891495773523
390,390,Rizzi,4.0,391.4370375065607
391,391,Restaurant Stadtpfeiffer,4.5,167.51902179476838
392,392,Lukas Bäckerei,3.5,71.17922969427903
393,393,Romanushof,4.0,549.4636847125363
394,394,Restaurant Steaktrain,4.0,488.3543585853248
395,395,Soup & Nem,4.0,325.2941876100354
396,396,Il Corso,4.5,494.6569269272815
397,397,Miss Hanoi,4.5,375.1546535797066
398,398,Brasserie Le Grand,4.5,323.1276715443441
399,399,maza pita,5.0,236.26484168423775
400,400,Vapiano,3.5,37.72646625381774
401,401,Dhillons,3.5,357.34061209651986
402,402,Hotel Radisson,4.0,173.7639057162768
403,403,Iberica Weindepot & Tappas,5.0,207.52251153934063
404,404,Sardinia Ristorante Italiano,3.5,169.6817019061999
405,405,Trattoria Amici,4.0,394.3179841925557
406,406,Phô Viêt,4.0,508.6451892564302
407,407,Café Madrid,4.0,510.5095081343888
408,408,Restaurant Panorama Tower,3.0,144.68872853372022
409,409,Café Central,4.0,246.1156142969476
410,410,Morrison's Traditional Irish Pub,4.0,302.5079405239383
411,411,Planerts,4.0,251.22838142952943
412,412,Indian Fingerfoods,5.0,302.4510533500117
413,413,Bohemian Kids,4.5,224.9779522191663
414,414,Andria,3.5,326.09894063297435
415,415,Indian Crown,4.5,412.7730447102634
416,416,Pentahotel Restaurant,4.5,509.37765614189647
417,417,Zur Pleißenburg,3.5,511.9881605913336
418,418,Knossis-Palace,5.0,358.32240304883163
419,419,Milchbar Pinguin,4.0,431.3298331974202
420,420,Mekong Asiasupermarkt,5.0,326.3965424244216
421,421,Schiller,4.0,366.2220618100383
422,422,Mensa am Park,3.5,153.91092836733057
423,423,Indian Palace,4.0,285.5923253391637
424,424,Ring-Café,4.0,342.3340749824133
425,425,Café Barbakane,4.0,204.41505894969225
426,426,Kümmel Apotheke,3.5,311.75905591435054
427,427,Alex,3.5,315.1909270815435
428,428,Pizzeria by Toni,5.0,470.5207735425996
429,429,Leo's Brasserie,3.5,358.5708538470823
430,430,Lukas Bäckerei,4.0,579.0737720492654
431,431,KIRIGAMI Ramen,4.5,232.86376820142772
432,432,Studio 3 im Listhaus,4.5,33.99035281859876
433,433,Chinas Welt,4.0,208.27374753291437
434,434,Hot Pizza,5.0,24.28436706449736
435,435,Pentahotel Restaurant,4.5,600.3615050670859
436,436,Anatolien,4.0,477.27129021047847
437,437,kalimera,2.5,408.0399060760554
438,438,Pentahotel Leipzig,4.5,598.6285148924374
439,439,Tattoo-Cafe,3.0,294.5933426570887
440,440,Globus Döner,4.5,5.101404742308703
441,441,Bistro de Libanon,5.0,289.3372561953577
442,442,Hopfenspeicher,4.0,219.0441819196336
443,443,Substanz,4.0,537.0435050842328
444,444,Eisträumerei,4.0,311.0218367800851
445,445,Star Pizza,5.0,479.1761684500945
446,446,Reudnitz Terrassen,3.0,367.93080370103513
447,447,Gustav H.,5.0,586.0041737660101
448,448,Leipziger Brauhaus zu Reudnitz,3.0,366.1857902137424
449,449,PELLORUS,1.0,69.29125167404871
450,450,Futterkiste Südost,3.0,651.9365342223568
451,451,Zum Pavillon,0.0,454.5873491931162
452,452,Meetfreude,4.0,62.14948806899773
453,453,Gaststätte Kollektiv,4.0,44.27364803177391
454,454,Gaststätte Pata Negra,4.0,185.91784697899828
455,455,Café Puschkin,3.5,44.51042987696778
456,456,Acapulco,4.0,397.445383299808
457,457,Lulu Lottenstein,4.0,301.28108973575206
458,458,Restaurant Mona Lisa,4.5,226.1619008195456
459,459,Ganesha Indische Restaurant,4.0,84.94573757156301
460,460,Noels Ballroom,4.5,138.0898044588754
461,461,La Cosita,3.5,18.949170063033574
462,462,Orpheus,4.5,322.9386770300543
463,463,Barfly,4.0,147.12146056540382
464,464,Maître,4.0,145.11907093193471
465,465,Platzhirsch,5.0,438.1954884166512
466,466,Olive Tree,4.0,435.4736826403227
467,467,McCormacks,4.5,185.93417238237063
468,468,Yoko Sushi,3.5,345.2044325039629
469,469,El-Amir,4.5,341.46818385017406
470,470,Mr. Thong,5.0,98.97629482316049
471,471,Karli68,3.5,67.42495015673235
472,472,Fela,4.0,398.7487393249034
473,473,Bebopalula,4.5,56.46333724544086
474,474,L'Angolo d'Italia,3.5,211.81749481904413
475,475,China-Tai Asiatische Spezialitäten,3.0,216.2330259340436
476,476,Asia Imbiss Asiatische Spezialität,5.0,238.0182231266784
477,477,shady Elwan,3.5,431.1034967324732
478,478,Mokkaflip,5.0,398.3700558318188
479,479,Rote Soße,4.0,381.1158395826468
480,480,Killiwilly Irish Pub,4.0,386.7531862703245
481,481,La Strada,3.0,275.93332083473905
482,482,Chillino,1.0,53.00833015619944
483,483,Café Grundmann,4.0,452.29638336999176
484,484,Hotel Markgraf Leipzig,4.5,362.10280550447806
485,485,Safran,3.5,401.5294276467993
486,486,Efes- Grillhaus,3.5,471.0986482720091
487,487,La Romantica,4.0,513.7121653397476
488,488,Bistro Dilan,4.0,392.6392401191389
489,489,Shahia,4.5,482.632423961394
490,490,Shams,4.0,347.3535711306069
491,491,Asia Bistro Mr.Wok,1.5,322.7016369847783
492,492,Pascha Kebab Pizza Haus,5.0,387.9072450296585
493,493,Stückwerk,3.0,125.8473771582858
494,494,La Mia Pizza,4.0,443.0720432770321
495,495,Schenkendorfer Eck,4.0,413.8132642922609
496,496,Bittus Pizza Express,5.0,414.7620589600109
497,497,Kebaphaus Istanbul,3.5,285.8260694550266
498,498,Kneipencafe Orange,3.0,437.9285953289157
499,499,Gasthaus & Gosebrauerei Bayerischer Bahnhof,4.0,450.60419207654223
500,500,Tobagi,3.5,207.93649921475836
501,501,Huong Duc,4.0,91.14510216569036
502,502,Tuk Tuk,4.5,245.0722043531903
503,503,Amor,4.5,235.03902164280464
504,504,Pholosophy - vietnamese eatery & sushi,3.5,259.786551079026
505,505,Gaststätte Beyerhaus,3.5,308.26708975864506
506,506,Restaurant Michaelis,3.5,218.57913220854337
507,507,Café Cantona,4.0,346.9675800609646
508,508,China White,4.0,255.2612498486281
509,509,Tamarind,4.5,298.7703146049138
510,510,Mifune,4.0,253.4106523933192
511,511,Beirut Night,4.0,245.0722043531903
512,512,Bäckerei-Konditorei-Cafè Friedemann,5.0,168.05595668828835
513,513,Shiki Two,3.0,142.32381007013305
514,514,Oskar,4.0,271.4780045089884
515,515,KungFood,5.0,492.45639414295937
516,516,Soupbar Summarum,3.5,235.93626137471955
517,517,Sakura Lieferservice,4.5,261.98913922490857
518,518,Volkshaus Gastronomie,3.0,370.35763649055593
519,519,Hexenkessel,3.5,97.353095163814
520,520,Kleine Träumerei,4.5,229.93910775231825
521,521,LALA,2.0,71.05531627472273
522,522,CoCo Bistro,5.0,565.7096020527192
523,523,Pension Großmann,1.0,206.168593306373
524,524,Chinahaus-Leipzig,1.0,259.0075004354504
525,525,Fleischerei Scheinpflug,4.5,380.5413884160654
526,526,Amor,4.5,270.2416876207243
527,527,La Romantica,4.0,601.6129766345229
528,528,World Of Video,5.0,478.9460404828058
529,529,Restaurant Troja,2.5,340.9082706608599
530,530,Kneipencafe Orange,3.0,504.6579701392525
531,531,Da Salvo,4.5,466.1133573002411
532,532,Connstanze,4.5,37.76587006592776
533,533,Curry Süd,4.0,20.37078061480569
534,534,Frau Krause,4.5,280.28181956100707
535,535,Döner King,4.5,193.51634795923897
536,536,Deli Fein Schnell Vegan,4.0,208.7850205357013
537,537,Vegan Express,5.0,229.89721373700937
538,538,Bistro Delal,5.0,209.1382894952677
539,539,Willsons,4.0,64.80964408333087
540,540,Weltladen Connewitz,5.0,456.57405875579127
541,541,Le Cygne,5.0,399.4309230052537
542,542,Restaurant Alt Connewitz,5.0,628.30746316759
543,543,La Lira,4.0,432.2219410284018
544,544,Zest,4.5,625.1928559869566
545,545,Goldene Krone,4.0,504.9193418063806
546,546,Mensa Academica,3.0,324.44879814861514
547,547,Atacolypse,3.0,388.9868380298073
548,548,Ginseng,4.0,213.1610265957374
549,549,Thüringer Rostbrät'l,4.0,284.2214113410249
550,550,Brotlos,4.5,155.78233356946043
551,551,Hacienda Mexicana Leipzig,3.5,369.1779619073083
552,552,Portofino,4.5,489.1483788409383
553,553,Biergarten mit Ginkobaum,4.0,658.4964037294556
554,554,DE LA NOIX,4.0,529.1233853518333
555,555,Pizzeria Punjab,4.0,488.14242351135215
556,556,Biergarten mit Ginkobaum,4.0,658.4082488636719
557,557,Brothers Cafe & Bäckerei,4.0,45.023550576443085
558,558,Cafe Maxim Restaurant,5.0,134.72549608531955
559,559,Mr. Wok Asia Bistro,5.0,51.53272309628893
560,560,African Point Bar & Imbiss,5.0,62.55101850565881
561,561,Tito,4.0,229.85302917879852
562,562,Bistro Syrien,4.0,286.76204293437866
563,563,KuApo Die Kulturapotheke,5.0,209.0442821893746
564,564,Kune,4.0,300.7382113828433
565,565,Restaurant Leipziger Hof,3.0,248.4000608832852
566,566,Café am Rabet,3.5,367.3293160137599
567,567,Pizzeria Gasse,4.0,497.9771091903003
568,568,Peking Bistro,3.0,454.3132043515727
569,569,Peking Palast,3.5,64.47167789745856
570,570,Cafe Maxim Restaurant,5.0,445.2324629313033
571,571,Pizzeria Gasse,4.0,205.95711623724404
572,572,Bistro Syrien,4.0,293.6989474120924
573,573,Kune,4.0,274.7674960318127
574,574,Picobello,4.0,493.4845885721588
575,575,Peking Bistro,3.0,135.1846321863895
576,576,KuApo Die Kulturapotheke,5.0,366.33605453427697
577,577,Genießerrestaurant Amaroso,4.5,367.0837136315967
578,578,Tele Pizza,0.0,195.51720518576772
579,579,Minoas-Palast,4.0,449.1410554564417
580,580,Wendl Bäckerei und Konditorei mit Café,0.0,187.30238297809208
581,581,Zuckelhäuser,0.0,368.4460236708202
582,582,Friedrich Fisch und Feinkost Handelsgesellschaft mbH,0.0,330.96452377935555
583,583,Yunus Bistro,0.0,471.15011291976725
584,584,Dr. Güntz,0.0,521.9290134097712
585,585,Aurelia,4.5,80.6792733144291
586,586,Mythos,5.0,277.07129547886234
587,587,Restaurant Brühl,4.5,307.5142803797892
588,588,Restaurant Patakan,3.5,91.3244588431278
589,589,Falco,4.5,361.6940471952324
590,590,Dunkelrestaurant Mondschein,4.5,366.29376865028513
591,591,Kiwara-Lodge,4.0,90.45099854065924
592,592,Gourmetrestaurant Villers,5.0,443.5021075698805
593,593,Piccola Italia,4.5,388.33962452224097
594,594,Kellari,4.0,498.0184263555221
595,595,Al-Madina-Bistro,5.0,380.5260150175325
596,596,Restaurant Palmensaal,3.5,90.45099854065924
597,597,Hacienda Las Casas,3.0,319.57269877799587
598,598,Dschungel Kiosk,2.0,403.5511520783938
599,599,Teichcafe im Zoo,1.0,181.99899242804764
600,600,La Mirabelle,4.5,341.2600521906617
601,601,Gohliser Wirtschaft,3.5,431.7851988546912
602,602,Restaurant Patakan,3.5,367.4067694412199
603,603,Restaurant Ofenrohr,3.0,367.6039577584913
604,604,Kiwara-Lodge,4.0,368.25899842095583
605,605,La Che,5.0,551.494081103049
606,606,Al-Madina-Bistro,5.0,437.8023916533188
607,607,Dschungel Kiosk,2.0,332.00809363517794
608,608,Restaurant Palmensaal,3.5,368.25899842095583
609,609,Hacienda Las Casas,3.0,546.4515204470521
610,610,Teichcafe im Zoo,1.0,413.2561804167593
611,611,Konoba Laterna,5.0,338.90167508654395
612,612,Frieda Restaurant,5.0,432.29117739678486
613,613,Bistro Jasmin,5.0,141.92880312608713
614,614,Jeepney,5.0,194.37945407131065
615,615,Salumeria Italiana,4.5,292.9834321692397
616,616,Bistro Drogerie,4.5,444.94454247994
617,617,Bistro Mam Wahid Almas,3.0,117.96729243301766
618,618,Ma Petite Brasserie,3.5,431.5828152487428
619,619,Mytropolis,4.0,331.8172914979645
620,620,Call a Pizza,3.0,227.05797299469847
621,621,Fly Pizza,3.0,310.32009340263323
622,622,El Torro,4.0,327.1028548915355
623,623,Stottmeister,4.0,389.9879285535357
624,624,Restaurant Casablanca,4.0,387.36931113911294
625,625,Restaurant Aufgehende Sonne,3.0,307.7520490490569
626,626,Hit Pizza Express,4.0,627.6643083560582
627,627,Pizzeria-Family-Service,3.5,355.8624943136276
628,628,Picobello,4.0,177.5449338953541
629,629,Peking Palast,3.5,332.24151085499045
630,630,Gaststätte Volksgarten,4.5,464.89527263007136
631,631,Pizzeria Gasse,4.0,437.0700934335197
632,632,Adler,2.5,449.774412670573
633,633,Peking Bistro,3.0,435.9620633120704
634,634,Gartenrestaurant Selli,2.5,474.6705058178684
635,635,Da Lat,5.0,24.232401534208712
636,636,Cafe WB,5.0,103.15617354709006
637,637,Chulo,5.0,130.714213767207
638,638,fratelli Pastabar,4.5,480.2445596417128
639,639,Olymp,3.5,277.4934084799462
640,640,Kleine Leckerei,5.0,406.9624327742768
641,641,Volle Rolle,5.0,469.79490460792726
642,642,Drei Kastanien,3.0,343.83169509961755
643,643,Mai-Tai,4.5,126.94630378061144
644,644,Sancho Pancha,3.5,75.28521871043827
645,645,fratelli Pastabar,4.5,154.3646207608925
646,646,Maza Pita,4.0,31.662413187960173
647,647,Prellbock,4.0,498.3281163061239
648,648,Die Zwanzig,4.0,188.41310764932285
649,649,Jimmy Orpheus Cafe.Bar,4.0,134.84082427702842
650,650,THISEAS,5.0,320.1527485750035
651,651,Kim Quy,4.0,199.9481249882928
652,652,RöstGut,5.0,225.8638648710329
653,653,Kleine Leckerei,5.0,311.2911098998301
654,654,Weiße Elster Fluss,5.0,417.5361830641816
655,655,Cafe WB,5.0,535.9036364242804
656,656,Subway,4.0,50.98467240209485
657,657,Volle Rolle,5.0,456.5878127879768
658,658,Chulo,5.0,569.6760088110487
659,659,Heimathafen  Kö,3.0,509.9125643701459
660,660,Bäckerei und Café Back & Snack,3.0,446.0931616712151
661,661,Jedermann,5.0,76.57547701028085
662,662,Pizza Lab,4.5,372.80760183719815
663,663,Brötchendealer,4.5,396.6710243016264
664,664,Bistro Alanya,3.0,32.323622033605524
665,665,Flying Hirsch,1.0,188.59017721855363
666,666,Vereinsgaststätte Prieße,4.0,465.3850352255929
667,667,Olea,5.0,320.12827664941005
668,668,Cafe Eigler,2.0,127.16182599111346
669,669,Schnizz,3.5,376.8692276782808
670,670,Dreilindentreff,0.0,189.7758780126917
671,671,Her Cafe,0.0,206.5185952123399
672,672,Margareten,0.0,496.6755572868494
673,673,Viet Village,4.5,340.2513518688548
674,674,B10,5.0,287.96935989991096
675,675,Café Kowalski,4.0,258.80846334663767
676,676,Musikpavillon,3.5,302.3500218747185
677,677,Restaurant Mio,4.0,276.614416255689
678,678,KungFood,5.0,413.9538269096665
679,679,Épicerie Petite Marieke,4.0,285.15564644233007
680,680,Ristorante Violino,3.5,301.17849802327254
681,681,Salumeria da Daniele,4.5,275.1437955445053
682,682,Kafič,3.5,351.2771147905561
683,683,Glashaus,3.5,337.48139632617915
684,684,"Natur Pur, Obst, Gemüse und Imbiss",4.5,406.3195564513248
685,685,Rennbahn Gastronomie,2.5,442.650367681428
686,686,Fleischerei Scheinpflug,4.5,521.7590344327759
687,687,Cafè anton hannes,3.5,296.45599469345456
688,688,meins deins unser,4.0,189.067597570357
689,689,süß + salzig,3.5,292.81712988874966
690,690,Chumumi,4.0,85.28575626267313
691,691,Kartoffel Fräulein,5.0,416.1036102658757
692,692,Schaubühne Lindenfels,5.0,285.28957432580074
693,693,MAM MAM,5.0,312.0554035446117
694,694,La Cantina,4.0,346.9536141320395
695,695,Prellbock,4.0,411.4910033923443
696,696,Casablanca,4.5,281.8440189129249
697,697,Rudi,4.0,263.596068802383
698,698,Le Petite Franz,5.0,348.3922644498718
699,699,Gallo Negro,4.0,413.9616904472943
700,700,Fam.Tran Phat,5.0,325.8913246681048
701,701,Bistro Sindbad,4.0,97.28103400383053
702,702,Café Kater,5.0,247.39719286686235
703,703,Akko Hummus Bar,3.0,247.6616197882559
704,704,Kaiserbad,3.0,451.6720700324847
705,705,Beardy Brothers,4.0,337.55997723947326
706,706,Joseph Pub,5.0,350.8634232139329
707,707,THISEAS,5.0,512.1745574557383
708,708,Jimmy Orpheus Cafe.Bar,4.0,643.4568999802352
709,709,Stelzenhaus-Restaurant,3.5,394.2987102884445
710,710,Die Zwanzig,4.0,590.8682299537378
711,711,Café Albert,4.0,435.6592274838624
712,712,Bollywood Pizzaservice,2.0,141.94293990349576
713,713,Reuschel's Weineck,5.0,462.36908984871457
714,714,Kim Quy,4.0,578.1848380990933
715,715,RöstGut,5.0,572.948587815368
716,716,Call a Pizza,3.5,304.7858386661374
717,717,Bäckerei und Café Back & Snack,3.0,349.7089844028
718,718,Schaubühne Lindenfels,5.0,58.16971651028011
719,719,Kartoffel Fräulein,5.0,188.2926849806634
720,720,La Cantina,4.0,37.20862488156492
721,721,süß + salzig,3.5,192.1921508014011
722,722,meins deins unser,4.0,165.74717708562002
723,723,Gallo Negro,4.0,169.32269854308996
724,724,Le Petite Franz,5.0,57.09203110356971
725,725,Rudi,4.0,73.41583898624053
726,726,Casablanca,4.5,169.75822160564792
727,727,MAM MAM,5.0,352.2703078653976
728,728,Chinabrenner,4.0,640.8625269798814
729,729,Kaiserbad,3.0,263.40687496769465
730,730,Joseph Pub,5.0,129.04225174887404
731,731,Beardy Brothers,4.0,91.95476189854614
732,732,Fam.Tran Phat,5.0,232.5510057842287
733,733,Chumumi,4.0,349.5651450689304
734,734,Reuschel's Weineck,5.0,156.30137968465803
735,735,Akko Hummus Bar,3.0,203.96919782226863
736,736,Café Albert,4.0,207.5986428675572
737,737,Café Kater,5.0,323.4962288013459
738,738,Stelzenhaus-Restaurant,3.5,362.52430411198486
739,739,Bistro Sindbad,4.0,375.1360067830845
740,740,Call a Pizza,3.5,9.843398964769433
741,741,Victoria Pizzaservice,5.0,564.3508082278921
742,742,Schnizz,3.5,470.4333553551495
743,743,Bollywood Pizzaservice,2.0,301.0462918204671
744,744,Konditorei & Café Krüsmann,5.0,467.4522126477194
745,745,MC Curry No.1,3.0,450.9889249755001
746,746,MAM MAM,5.0,50.06853649482641
747,747,süß + salzig,3.5,162.94728165439471
748,748,meins deins unser,4.0,232.7098598279282
749,749,Casablanca,4.5,184.9111799285088
750,750,Schaubühne Lindenfels,5.0,296.63688510537264
751,751,Olea,5.0,482.81577055997633
752,752,Fam.Tran Phat,5.0,129.10471128140296
753,753,La Cantina,4.0,373.788019878082
754,754,Café Kater,5.0,110.37344545695564
755,755,Rudi,4.0,285.9261539744997
756,756,Prellbock,4.0,523.4112363808837
757,757,Akko Hummus Bar,3.0,159.28106704757303
758,758,Le Petite Franz,5.0,410.5409642907997
759,759,Joseph Pub,5.0,257.3323887662831
760,760,Chumumi,4.0,438.77145627597866
761,761,Gallo Negro,4.0,523.97476939479
762,762,Beardy Brothers,4.0,443.6084558519408
763,763,Schnizz,3.5,336.55049885484664
764,764,Reuschel's Weineck,5.0,413.4349178544499
765,765,Bistro Sindbad,4.0,449.8226123270012
766,766,Bollywood Pizzaservice,2.0,214.6360903094149
767,767,Gambrinus,3.5,616.00734404008
768,768,Ristorante da Vito - Leipizg,2.5,591.4094618318517
769,769,Call a Pizza,3.5,360.0661656763942
770,770,Heimathafen  Kö,3.0,654.6278397034079
771,771,PEKAR,3.0,631.3337873436443
772,772,Olea,5.0,175.94316940627684
773,773,Cafe Westen,3.5,145.5772322970795
774,774,Gambrinus,3.5,137.09747116758916
775,775,Pizza Lab,4.5,474.8353439405145
776,776,Victoria Pizzaservice,5.0,379.2932373464816
777,777,Schnizz,3.5,300.424680684672
778,778,Restaurant Herkules,4.0,382.6665704557479
779,779,PEKAR,3.0,87.91634629176879
780,780,Konditorei & Café Krüsmann,5.0,286.2645241663685
781,781,MC Curry No.1,3.0,586.9930507568989
782,782,Pilot,4.0,65.2565759402036
783,783,An Nam,4.5,79.08487148497534
784,784,Ratskeller Leipzig,4.0,486.975462283324
785,785,Auerbachs Keller,4.0,468.17776310534657
786,786,Augustiner am Markt,4.5,413.8760551675348
787,787,Sakura,4.5,17.991753076473618
788,788,Telegraph Café Restaurant,4.0,209.2083690864047
789,789,Barcelona,4.0,131.56849561886804
790,790,Café Madrid,4.0,284.78399107839755
791,791,Kildare City Pub,4.5,381.6398922698106
792,792,Sappho,4.5,357.1517575819489
793,793,Il Corso,4.5,420.8033289945648
794,794,Cafe Luise,3.5,18.925010542688504
795,795,Weinwirtschaft,4.0,317.2149457940136
796,796,Romanushof,4.0,497.03361465993663
797,797,Apels Garten,4.0,276.0524013615709
798,798,Hoshi,4.5,391.1527033182596
799,799,Chang,4.0,183.18434197382143
800,800,InsideAsia,4.0,57.43707238117288
801,801,Elsterartig,3.5,109.9540733211288
802,802,Maison Viet,5.0,91.76444196661024
803,803,Burgerheart,3.5,66.2069315162311
804,804,Mascarpone,4.0,66.09238666611239
805,805,Vodkaria,4.0,141.15679059922306
806,806,Café Gloria,5.0,310.72012601401383
807,807,Zill's Tunnel,3.5,306.154476590352
808,808,Wenzel Leipzig,3.5,274.6974593608593
809,809,Valentino,4.0,433.44944258181766
810,810,Phô Viêt,4.0,455.7698865191465
811,811,Canito,4.5,79.08487148497534
812,812,Rizzi,4.0,466.4144656726492
813,813,Bar Jamboree,4.5,143.6245555820587
814,814,C'est la vie,4.5,179.18036994230715
815,815,Umaii,3.5,279.596076159143
816,816,Fürst,4.0,291.4805689508396
817,817,Lucca-Bar,4.5,355.49292827774696
818,818,L'Osteria,4.0,381.7087909472414
819,819,Zur Pleißenburg,3.5,404.7899633987377
820,820,Zchaca,4.5,395.9708045651445
821,821,ALFA,5.0,354.71326843797954
822,822,Schnitzel Culture,3.0,251.62499128412452
823,823,La Casa,4.5,213.81313018155808
824,824,Bachstüb'l An Der Thomaskirche,3.5,335.8341028248695
825,825,Brasserie Le Grand,4.5,490.4935103960649
826,826,Kellari,4.0,433.4993668379407
827,827,Gourmetrestaurant Villers,5.0,512.3512158061261
828,828,La Provence,3.5,284.7256289123766
829,829,Burgermeister,4.0,534.3146071636811
830,830,Brauhaus an der Thomaskirche,3.0,359.28234192866495
831,831,Wagners,4.0,378.5533564413337
832,832,Mein Leipzig,4.5,333.5063426293835
833,833,An Nam,4.5,437.3353158646895
834,834,Schrebers,4.5,77.83787503859712
835,835,Sappho,4.5,383.7268784964535
836,836,Johann S.,4.5,77.83787503859712
837,837,Apels Garten,4.0,381.2371941279245
838,838,Sakura,4.5,464.96482604896863
839,839,Barcelona,4.0,431.7799953471752
840,840,Tamers,4.5,428.87325101955616
841,841,Pilot,4.0,547.9677660783601
842,842,Dankbar,5.0,395.97950040817193
843,843,VoKü Libelle,5.0,262.5555153961077
844,844,Chang,4.0,437.9101439958983
845,845,Barfusz,3.5,77.83787503859712
846,846,Spagos,4.0,77.83787503859712
847,847,Aspendos Grill,4.0,444.7170966010452
848,848,Da Franco,3.5,426.2695149332861
849,849,L'arena,3.5,463.8404668863867
850,850,Papperlapapp,4.0,405.80279417190167
851,851,Burgerheart,3.5,441.5716773791023
852,852,La Casa,4.5,421.7849037869355
853,853,Vodkaria,4.0,409.2038185637799
854,854,C'est la vie,4.5,437.6571692111706
855,855,Cafe Kandler,4.0,77.83787503859712
856,856,Bar Jamboree,4.5,408.6560180613063
857,857,Mascarpone,4.0,428.6318245246235
858,858,Cafe Luise,3.5,463.80036214562136
859,859,InsideAsia,4.0,512.6923465848381
860,860,Canito,4.5,437.3353158646895
861,861,Fleischerei Zeymer,4.5,404.16813424088224
862,862,Fleischerei,4.5,418.6521495083921
863,863,Happy Sushi,4.0,430.1105367975591
864,864,Arena Döner und Pizza,4.0,459.0196566525198
865,865,Kafič,3.5,561.407948894952
866,866,Ristorante Pizzeria Roma,3.0,441.57096599986727
867,867,Paradiso Pizza,1.5,237.4599550256726
868,868,Gonzales,3.0,441.5716773791023
869,869,Lübberts,5.0,453.7370513104015
870,870,Trattoria angelino,3.5,486.56980983481856
871,871,Augustiner am Markt,4.5,53.47616441283954
872,872,Auerbachs Keller,4.0,140.407514122927
873,873,Imperii,5.0,338.4177041004939
874,874,Kildare City Pub,4.5,61.63828181934647
875,875,Rizzi,4.0,34.993138825446735
876,876,Ratskeller Leipzig,4.0,481.78946534922414
877,877,Romanushof,4.0,218.96888666731303
878,878,Café Madrid,4.0,175.46907586417353
879,879,Handbrotzeit,4.5,220.4938093773642
880,880,Restaurant Steaktrain,4.0,355.42260981230976
881,881,Phô Viêt,4.0,154.81335935267268
882,882,Telegraph Café Restaurant,4.0,255.340977653346
883,883,Reinhardts im Gasthaus Alte Nikolaischule,4.5,221.1956227429808
884,884,Max Enk,5.0,324.0814667230837
885,885,Il Corso,4.5,363.5206608650107
886,886,Dhillons,3.5,155.96050929174987
887,887,Brasserie Le Grand,4.5,73.13879964665965
888,888,Weinwirtschaft,4.0,289.19792464016984
889,889,Zill's Tunnel,3.5,136.59193143401103
890,890,Pilot,4.0,381.90118617203007
891,891,Indian Crown,4.5,149.57995651271077
892,892,Restaurant Weinstock,4.0,74.62748641201632
893,893,Valentino,4.0,340.5083625094203
894,894,Alex,3.5,88.90568296306192
895,895,Milchbar Pinguin,4.0,75.91802569516481
896,896,Soup & Nem,4.0,215.4338882419087
897,897,Fürst,4.0,154.22877591636993
898,898,Hoshi,4.5,381.19800211207
899,899,Spizz,3.0,72.51016770154182
900,900,Luigi's,4.5,205.6515044466714
901,901,Umaii,3.5,165.5830359782561
902,902,Wenzel Leipzig,3.5,186.41768954130967
903,903,Lukas Bäckerei,4.0,248.19472372924997
904,904,Burgermeister,4.0,303.7068878695218
905,905,Café Central,4.0,147.50654366175544
906,906,Café Gloria,5.0,299.6401970082212
907,907,Micello‘s,4.0,205.6515044466714
908,908,Pepper House,3.0,123.82235186197168
909,909,Hans im Glück,4.0,420.9224561468297
910,910,Sakura,4.5,458.6933308201467
911,911,Enchilada,3.5,334.5929996730022
912,912,Steinecke,4.5,215.94745700750315
913,913,Pizza Pasta House,4.0,74.35085338174552
914,914,Asia Bistro und Supermarkt,4.5,111.1388392274412
915,915,Indian Fingerfoods,5.0,203.64503220006375
916,916,Andria,3.5,235.56073104501277
917,917,maza pita,5.0,334.20309440949524
918,918,Brauhaus an der Thomaskirche,3.0,207.0251892643433
919,919,Schnitzel Culture,3.0,225.1015110077418
920,920,Pizzeria by Toni,5.0,350.0300793315949
921,921,Yoko Sushi,3.5,418.27102500374417
922,922,Shams,4.0,318.2974424368471
923,923,Asia Bistro Mr.Wok,1.5,345.62856083980444
924,924,Asia Imbiss Asiatische Spezialität,5.0,429.1553717922964
925,925,Schenkendorfer Eck,4.0,525.2216031540615
926,926,Bittus Pizza Express,5.0,531.8567217574912
927,927,Biergarten mit Ginkobaum,4.0,85.58329868087121
928,928,Gaststätte Parkschlößchen,5.0,261.5597139511374
929,929,Schaarschmidt's,4.5,504.00735863716784
930,930,Biergarten mit Ginkobaum,4.0,106.5299553066233
931,931,Hacienda Mexicana Leipzig,3.5,459.736533379214
932,932,Mykonos,3.5,363.4043528431732
933,933,Pizzeria Punjab,4.0,469.3130884167673
934,934,Fly Pizza,3.0,504.72696436251687
935,935,Reudnitzgrill,5.0,74.48757339696616
936,936,Bistro Dubai,5.0,154.0166489661053
937,937,Restaurant Asia Garden,4.0,170.47410072180577
938,938,Kulturcafé Knicklicht,5.0,274.24710839033844
939,939,Substanz,4.0,298.8429670895616
940,940,Zu Spät,4.0,346.59465254797794
941,941,Chizenga Afrikanisches Haus,5.0,465.847854302844
942,942,Hong Kong,4.0,526.5251678522349
943,943,Bistro Ari,5.0,156.55128141891632
944,944,Bistro Döner u. Pizza Bilal Sakallah,3.5,25.935041221606127
945,945,Konfuzius Tee Kultur Garten,3.5,235.7983659472925
946,946,Star Pizza,5.0,346.32910257462584
947,947,King Pizza,4.0,497.3147890339885
948,948,Café am Rabet,3.5,499.0225740614457
949,949,Gustav H.,5.0,455.7341381279584
950,950,Asian House,3.0,224.2116967476286
951,951,Chizenga Afrikanisches Haus,5.0,96.87135187762502
952,952,Globus Döner,4.5,458.30838284006825
953,953,Zu Spät,4.0,151.712701758046
954,954,Kulturcafé Knicklicht,5.0,296.3417166892873
955,955,Reudnitzgrill,5.0,423.38870893616206
956,956,Substanz,4.0,337.0362236102442
957,957,Star Pizza,5.0,238.3392660506725
958,958,Bernhard Stuben,4.0,513.4440605869647
959,959,Konfuzius Tee Kultur Garten,3.5,284.74577742649893
960,960,Bistro Ari,5.0,357.89572609491563
961,961,Bistro Dubai,5.0,649.3840609581601
962,962,Hopfenspeicher,4.0,517.9315390860847
963,963,Reudnitz Terrassen,3.0,517.1308554551172
964,964,Bistro Döner u. Pizza Bilal Sakallah,3.5,486.0379969703059
965,965,Bistro Altun,3.5,36.816568612756505
966,966,Chinarestaurant Chinapfanne,4.0,9.612253706346246
967,967,China Restaurant WOK,0.0,179.07866495327855
968,968,Gaststätte Grüne Aue,3.5,209.050835156792
969,969,Cafe zur Alten Anlage,0.0,599.8323040364402
970,970,Café Versorgung,3.0,56.49158639182652
971,971,Bi Ba Bo,4.5,239.7091619323212
972,972,Chinabrenner,4.0,499.9823239403845
973,973,Mørtelwerk,4.0,403.1703654792966
974,974,Bistro Diablo,0.0,351.2991106978331
975,975,Am Kanal,0.0,591.5224877308664
976,976,Mørtelwerk,4.0,129.76695305492026
977,977,Café Versorgung,3.0,368.8146174910689
978,978,McDonald's,4.0,392.8884551463751
979,979,Pizza-Turm,4.0,515.5257145033145
980,980,Bistro Diablo,0.0,455.1392603308786
981,981,Pizzeria Cortigiano,4.5,37.603456287805024
982,982,Asia Bistro Kavimi,4.0,563.1072360199495
983,983,Café & Restaurant Südkampfbahn,0.0,420.2438048779291
984,984,Zum Rosengarten,4.5,109.63077016168997
985,985,Futterkiste Südost,3.0,669.6312859935628
986,986,Restaurant Regenbogen & IL 62,3.5,464.0537886214998
987,987,Maharani,5.0,212.49602789271657
988,988,Green Soul,4.0,137.52839537012895
989,989,Ruenthai Zum Fass - Leipzigs erster Altbierkeller,4.0,32.544905778641144
990,990,Franz Morish Kaffeerösterei,5.0,493.1782510009709
991,991,Hong Kong,4.0,471.8697478762489
992,992,Besuto Sushi,4.0,135.7053931396288
993,993,Trattoria Anna Rosa,3.5,452.0658572883651
994,994,Café GrüneTomate,3.0,155.144533134681
995,995,WORLD OF PIZZA -City,3.0,93.3610393001597
996,996,Uno Pizza Service,4.0,423.4584863192564
997,997,Subway,5.0,53.24207817067262
998,998,Hopfenspeicher,4.0,498.14065499476055
999,999,Gustav H.,5.0,444.7872210167433
1000,1000,Mercure Leipzig am Johannisplatz,3.5,578.8802754869457
1001,1001,Leipziger Brauhaus zu Reudnitz,3.0,440.6528250070003
1002,1002,Franz Morish Kaffeerösterei,5.0,64.0430762374606
1003,1003,Miss Hanoi,4.5,408.0741074589345
1004,1004,Mercure Leipzig am Johannisplatz,3.5,32.04968122287125
1005,1005,Trattoria Amici,4.0,361.2171841841541
1006,1006,Café im Grassi,4.0,218.4520071667007
1007,1007,Caffeeshop Leipzig Bar Italiano,5.0,307.19970752409444
1008,1008,Zunftkeller,3.5,495.63083072683605
1009,1009,Rostbratwurstgrill,4.0,257.62823059237087
1010,1010,Knossis-Palace,5.0,425.445314136902
1011,1011,Uno Pizza Service,4.0,306.8425089010861
1012,1012,Ruenthai Zum Fass - Leipzigs erster Altbierkeller,4.0,534.6112766044047
1013,1013,Hotel Radisson,4.0,585.1367507432809
1014,1014,Aries,4.0,408.4989777095444
1015,1015,Trattoria Anna Rosa,3.5,403.5420331047832
1016,1016,Cafe Eco,4.0,535.6908289442804
1017,1017,Prinz Döner Kebab,4.0,639.939244677694
1018,1018,King Pizza,4.0,647.1103793039633
1019,1019,Grillhaus Orient,3.0,365.43124273577695
1020,1020,Anatolien,4.0,33.79632357457783
1021,1021,Tito,4.0,331.9046588165927
1022,1022,Restaurant Leipziger Hof,3.0,311.1208182968138
1023,1023,Mr. Wok Asia Bistro,5.0,491.3996973163121
1024,1024,Studio 3 im Listhaus,4.5,479.40219557635805
1025,1025,Café am Rabet,3.5,389.9103746701164
1026,1026,Hot Pizza,5.0,471.0464681510983
1027,1027,African Point Bar & Imbiss,5.0,504.188839006877
1028,1028,Tattoo-Cafe,3.0,164.61273872287012
1029,1029,Brothers Cafe & Bäckerei,4.0,293.2497893919882
1030,1030,Cafe Maxim Restaurant,5.0,362.1890117764274
1031,1031,Mr. Wok Asia Bistro,5.0,285.6812298081797
1032,1032,Tito,4.0,269.5722320015829
1033,1033,African Point Bar & Imbiss,5.0,334.92158760021675
1034,1034,Restaurant Leipziger Hof,3.0,285.0766579764898
1035,1035,Anatolien,4.0,551.2450735421846
1036,1036,Bistro Syrien,4.0,459.0107859581133
1037,1037,Kune,4.0,448.718065928016
1038,1038,KuApo Die Kulturapotheke,5.0,379.2355392753105
1039,1039,Espresso Zack Zack,5.0,380.37897128508297
1040,1040,Hit Pizza Express,4.0,541.9719847535308
1041,1041,Pizzeria Gasse,4.0,684.6804535240283
1042,1042,Peking Bistro,3.0,596.28002467149
1043,1043,Drei Kastanien,3.0,484.2302808151209
1044,1044,Prellbock,4.0,225.5902838167285
1045,1045,Mai-Tai,4.5,306.4218321583922
1046,1046,Was Kost Das?,4.0,252.92903977337156
1047,1047,Die Zwanzig,4.0,376.10705051687006
1048,1048,MAM MAM,5.0,670.4245600442583
1049,1049,Freddy Fresh Pizza,4.5,382.1576495291858
1050,1050,Jimmy Orpheus Cafe.Bar,4.0,363.554197437624
1051,1051,Maza Pita,4.0,416.8783946438695
1052,1052,Ristorante da Vito - Leipizg,2.5,150.53611459882993
1053,1053,THISEAS,5.0,497.3804280836351
1054,1054,Heimathafen  Kö,3.0,81.6736074483674
1055,1055,Sancho Pancha,3.5,447.0695547794184
1056,1056,Kim Quy,4.0,360.2078891363703
1057,1057,RöstGut,5.0,435.1546140291801
1058,1058,Subway,4.0,385.5015818981905
1059,1059,Bäckerei und Café Back & Snack,3.0,475.4126801148433
1060,1060,Gaststätte Weinberggärten,4.5,350.2401397428493
1061,1061,Gaststätte Gut Holz,4.5,279.79568793333823
1062,1062,S1 Vinyl & Kaffee,5.0,28.570977670389325
1063,1063,Am Wasserschloss,5.0,416.44842815004574
1064,1064,Bajwas Pizza Service,4.0,379.65773572455447
1065,1065,Am Wasserschloß,4.0,365.27909917376246
1066,1066,Gasthaus & Gosebrauerei Bayerischer Bahnhof,4.0,150.98167031416529
1067,1067,Tamarind,4.5,177.97192478098813
1068,1068,Café Cantona,4.0,276.65148776574864
1069,1069,Da Salvo,4.5,354.4593424612481
1070,1070,Gaststätte Beyerhaus,3.5,443.78491718304304
1071,1071,China White,4.0,478.5484452789189
1072,1072,Huong Duc,4.0,410.64238875222776
1073,1073,Cafe Eco,4.0,288.74388292321083
1074,1074,Amor,4.5,504.3689286767544
1075,1075,Shiki Two,3.0,212.9687096333616
1076,1076,Pholosophy - vietnamese eatery & sushi,3.5,501.7108633505423
1077,1077,Restaurant Michaelis,3.5,429.4742651463683
1078,1078,Mifune,4.0,526.7594321805072
1079,1079,CoCo Bistro,5.0,497.1720615000779
1080,1080,World Of Video,5.0,255.8958272369554
1081,1081,Chinahaus-Leipzig,1.0,184.9552437959776
1082,1082,Restaurant Troja,2.5,91.44405504296152
1083,1083,Bäckerei-Konditorei-Cafè Friedemann,5.0,476.2435769585945
1084,1084,Sakura Lieferservice,4.5,478.088064862673
1085,1085,Soupbar Summarum,3.5,518.6230842484108
1086,1086,Volkshaus Gastronomie,3.0,567.2139022634907
1087,1087,Kleine Träumerei,4.5,510.9549495575136
1088,1088,Hexenkessel,3.5,397.2229913624341
1089,1089,Amor,4.5,521.7757598775814
1090,1090,LALA,2.0,398.7935781434555
1091,1091,Pension Großmann,1.0,478.1132810218981
1092,1092,Kneipencafe Orange,3.0,639.6524612937949
1093,1093,Lulu Lottenstein,4.0,9.313535153482295
1094,1094,Acapulco,4.0,105.44293197789322
1095,1095,Meetfreude,4.0,233.64539379566963
1096,1096,Gaststätte Pata Negra,4.0,116.84150131173772
1097,1097,Olive Tree,4.0,142.59539575900948
1098,1098,Platzhirsch,5.0,229.03665149773127
1099,1099,Gaststätte Kollektiv,4.0,268.89955297539564
1100,1100,El-Amir,4.5,64.27999049183678
1101,1101,Rote Soße,4.0,100.52506597811536
1102,1102,McCormacks,4.5,113.20303419773563
1103,1103,Mokkaflip,5.0,104.52311511862855
1104,1104,Barfly,4.0,152.2951149025605
1105,1105,Maître,4.0,151.22493251303658
1106,1106,Killiwilly Irish Pub,4.0,93.66174071710438
1107,1107,Hotel Markgraf Leipzig,4.5,153.25599108805963
1108,1108,La Strada,3.0,22.56637461398148
1109,1109,Café Puschkin,3.5,306.447745546687
1110,1110,shady Elwan,3.5,208.862293243727
1111,1111,Safran,3.5,117.1778105573368
1112,1112,Restaurant Mona Lisa,4.5,388.5553773192149
1113,1113,L'Angolo d'Italia,3.5,84.7932483766689
1114,1114,La Romantica,4.0,273.4603757924516
1115,1115,Yoko Sushi,3.5,405.7517871950845
1116,1116,Orpheus,4.5,494.4982228676304
1117,1117,Café Grundmann,4.0,281.86888552748474
1118,1118,Ganesha Indische Restaurant,4.0,379.1557445345042
1119,1119,Restaurant Michaelis,3.5,436.78962948498014
1120,1120,Volkshaus Gastronomie,3.0,291.50772881599465
1121,1121,Noels Ballroom,4.5,428.398547912596
1122,1122,La Cosita,3.5,275.73693387631937
1123,1123,Karli68,3.5,235.69597538460923
1124,1124,Kebaphaus Istanbul,3.5,28.58407787808993
1125,1125,Kneipencafe Orange,3.0,153.0122056573287
1126,1126,Bebopalula,4.5,251.5027703051105
1127,1127,Mr. Thong,5.0,393.073469071498
1128,1128,Asia Imbiss Asiatische Spezialität,5.0,418.3330414481451
1129,1129,Schenkendorfer Eck,4.0,363.5411964493089
1130,1130,Shams,4.0,544.2390935973184
1131,1131,Chillino,1.0,251.3002554997401
1132,1132,Bittus Pizza Express,5.0,359.6353345862258
1133,1133,Asia Bistro Mr.Wok,1.5,486.7648340841921
1134,1134,Pension Großmann,1.0,471.4659660682245
1135,1135,Stückwerk,3.0,409.963322000973
1136,1136,Meetfreude,4.0,398.3430965782273
1137,1137,Gaststätte Kollektiv,4.0,415.82424178998826
1138,1138,Mein Liebes Frollein,4.5,635.4681011865716
1139,1139,Cà Pháo,5.0,613.3336997557136
1140,1140,Shams,4.0,46.22628204512129
1141,1141,Yoko Sushi,3.5,268.0884741476386
1142,1142,Gaststätte Pata Negra,4.0,472.3813573882129
1143,1143,Ganesha Indische Restaurant,4.0,339.8158480330034
1144,1144,Noels Ballroom,4.5,282.8510129567688
1145,1145,Lulu Lottenstein,4.0,586.3791197207279
1146,1146,Café Puschkin,3.5,405.1799419971565
1147,1147,Fela,4.0,443.68733785345233
1148,1148,Asia Imbiss Asiatische Spezialität,5.0,165.8068611200073
1149,1149,Asia Bistro Mr.Wok,1.5,118.78145723642116
1150,1150,Maître,4.0,476.40475199919575
1151,1151,Mr. Thong,5.0,338.0171970644805
1152,1152,Symbiose,4.5,596.9885400536226
1153,1153,Barfly,4.0,446.76716758387886
1154,1154,McCormacks,4.5,478.6915827565769
1155,1155,El-Amir,4.5,598.8422201501439
1156,1156,Efes- Grillhaus,3.5,476.7991801135112
1157,1157,Shahia,4.5,489.3274060412116
1158,1158,Shakunda,4.0,504.21184834039616
1159,1159,La Cosita,3.5,379.1763582957372
1160,1160,China-Tai Asiatische Spezialitäten,3.0,366.13484486975415
1161,1161,Bistro Dilan,4.0,445.8352402931562
1162,1162,Asia Wok,4.0,611.7047062379671
1163,1163,Karli68,3.5,430.5716797999623
1164,1164,Bebopalula,4.5,424.9965036656452
1165,1165,L'Angolo d'Italia,3.5,526.1140987183118
1166,1166,Schenkendorfer Eck,4.0,412.60353135398753
1167,1167,Pascha Kebab Pizza Haus,5.0,442.77432066562136
1168,1168,Bittus Pizza Express,5.0,418.4698446377463
1169,1169,La Strada,3.0,575.3711530818763
1170,1170,La Mia Pizza,4.0,475.5627314330141
1171,1171,Chillino,1.0,420.31684600002313
1172,1172,Hotel Seeblick,3.5,510.432329087101
1173,1173,Stückwerk,3.0,383.4473288119026
1174,1174,Uno Pizza,1.0,541.9444491097847
1175,1175,Kebaphaus Istanbul,3.5,561.4551774560327
1176,1176,Lukas,2.0,494.043090116394
1177,1177,Mein Liebes Frollein,4.5,224.32098096062325
1178,1178,Cà Pháo,5.0,350.42729609498105
1179,1179,Orpheus,4.5,361.5658375299759
1180,1180,Symbiose,4.5,332.92197368437274
1181,1181,Schnellbuffet Süd,4.0,396.8841608139899
1182,1182,Café Soley,5.0,406.4961733596455
1183,1183,Fela,4.0,326.9365688106496
1184,1184,Efes- Grillhaus,3.5,328.94760368418895
1185,1185,Restaurant Mona Lisa,4.5,454.9895535762993
1186,1186,Shakunda,4.0,322.46432537544905
1187,1187,Shahia,4.5,321.7727078334271
1188,1188,Asia Wok,4.0,344.4948847504213
1189,1189,Bistro Dilan,4.0,322.3270532923809
1190,1190,Café Puschkin,3.5,563.5484022567935
1191,1191,Ganesha Indische Restaurant,4.0,536.0605197360225
1192,1192,Noels Ballroom,4.5,542.7639742027824
1193,1193,China-Tai Asiatische Spezialitäten,3.0,424.1043502113025
1194,1194,La Mia Pizza,4.0,309.4803214857864
1195,1195,Pascha Kebab Pizza Haus,5.0,324.4446179497473
1196,1196,Mr. Thong,5.0,524.9720515872671
1197,1197,Hotel Seeblick,3.5,354.9445038951694
1198,1198,Subway,3.0,413.7894201901544
1199,1199,La Cosita,3.5,615.292033695482
1200,1200,Uno Pizza,1.0,360.2799887356642
1201,1201,Lukas,2.0,357.4342851806699
1202,1202,Stückwerk,3.0,478.8747717556718
1203,1203,Connstanze,4.5,153.4629958790848
1204,1204,Döner King,4.5,75.30929731607024
1205,1205,Bistro Delal,5.0,104.36376246815506
1206,1206,Curry Süd,4.0,161.48228585921763
1207,1207,Frau Krause,4.5,420.6754183120855
1208,1208,Café Soley,5.0,368.474091893069
1209,1209,Deli Fein Schnell Vegan,4.0,358.50145435531783
1210,1210,Vegan Express,5.0,362.8305979927898
1211,1211,Willsons,4.0,204.24566002899715
1212,1212,Schnellbuffet Süd,4.0,489.43952785064016
1213,1213,Weltladen Connewitz,5.0,580.8160946709557
1214,1214,Happy Sushi,4.0,522.0127014160532
1215,1215,La Lira,4.0,513.7292463498246
1216,1216,Mensa Academica,3.0,211.5898359582232
1217,1217,Subway,3.0,375.22727499174766
1218,1218,Thüringer Rostbrät'l,4.0,381.076219815195
1219,1219,Ginseng,4.0,343.6283571807729
1220,1220,Bistro Jasmin,5.0,406.5430484962886
1221,1221,Jeepney,5.0,411.9736215259524
1222,1222,Hacienda Mexicana Leipzig,3.5,405.08989797755385
1223,1223,Brotlos,4.5,302.6290713377568
1224,1224,Bistro Mam Wahid Almas,3.0,432.8941732102406
1225,1225,Fly Pizza,3.0,464.9109280765753
1226,1226,Call a Pizza,3.0,575.795874824555
1227,1227,Chinabrenner,4.0,183.96916528060748
1228,1228,Kartoffel Fräulein,5.0,297.23804850041824
1229,1229,Kaiserbad,3.0,217.745021947989
1230,1230,Gallo Negro,4.0,321.1468874534248
1231,1231,Bi Ba Bo,4.5,339.65438924413843
1232,1232,La Cantina,4.0,473.3970696806474
1233,1233,Schaubühne Lindenfels,5.0,535.0096138435846
1234,1234,Stelzenhaus-Restaurant,3.5,237.64329281706955
1235,1235,Le Petite Franz,5.0,430.77887006687337
1236,1236,Beardy Brothers,4.0,387.9857247745786
1237,1237,Rudi,4.0,542.0593745864065
1238,1238,Café Albert,4.0,281.8841330656713
1239,1239,Joseph Pub,5.0,604.2292022306159
1240,1240,Reuschel's Weineck,5.0,518.3217867189028
1241,1241,Call a Pizza,3.5,472.5794604661181
1242,1242,MC Curry No.1,3.0,501.8589407087946
1243,1243,Ratskeller Leipzig,4.0,149.91797863901115
1244,1244,Auerbachs Keller,4.0,334.2243102108486
1245,1245,Il Corso,4.5,176.73121376188624
1246,1246,Hoshi,4.5,206.96153433965563
1247,1247,Max Enk,5.0,240.1698513292313
1248,1248,Weinwirtschaft,4.0,291.2244978093517
1249,1249,Zur Pleißenburg,3.5,192.1557510605016
1250,1250,Café Madrid,4.0,416.2419383689545
1251,1251,Kildare City Pub,4.5,473.9039644138203
1252,1252,Schiller,4.0,87.56834879786388
1253,1253,L'Osteria,4.0,246.5194218773188
1254,1254,Aladin- Kebab,3.5,174.5782076833741
1255,1255,Zchaca,4.5,226.997103394517
1256,1256,An Nam,4.5,672.1270228116948
1257,1257,maza pita,5.0,221.6762267894302
1258,1258,Café Gloria,5.0,293.8246423791585
1259,1259,Lucca-Bar,4.5,242.62918115733348
1260,1260,Hans im Glück,4.0,408.9203352826592
1261,1261,ALFA,5.0,244.92088439939877
1262,1262,Brasserie Le Grand,4.5,423.7993039064421
1263,1263,Rizzi,4.0,501.4292687056056
1264,1264,Pilot,4.0,578.9688384151353
1265,1265,Reinhardts im Gasthaus Alte Nikolaischule,4.5,522.2835461957645
1266,1266,Bachstüb'l An Der Thomaskirche,3.5,277.6033016249384
1267,1267,Gaststätte Beyerhaus,3.5,379.6376025819204
1268,1268,Restaurant Stadtpfeiffer,4.5,415.8570616582653
1269,1269,Sakura,4.5,600.4937259663365
1270,1270,Bohemian Kids,4.5,227.74336866982856
1271,1271,Brauhaus an der Thomaskirche,3.0,305.3169377345092
1272,1272,Apels Garten,4.0,506.3723319105288
1273,1273,China White,4.0,449.8522870868004
1274,1274,Thüringer Hof,3.5,213.0759443519634
1275,1275,CoCo Bistro,5.0,339.2925083938826
1276,1276,Kümmel Apotheke,3.5,290.48826041461206
1277,1277,FraDiavolo,3.5,167.91750679765838
1278,1278,Umaii,3.5,453.6722882538873
1279,1279,Opern Cafe,5.0,553.3210638556217
1280,1280,Pholosophy - vietnamese eatery & sushi,3.5,462.4846007986856
1281,1281,Sushi & Nem,3.0,224.3781702001245
1282,1282,Zill's Tunnel,3.5,471.8308777271124
1283,1283,La Grotta,3.5,207.81330933620367
1284,1284,Café Central,4.0,410.1756026112764
1285,1285,Café Cantona,4.0,490.2579910927743
1286,1286,Fürst,4.0,497.5448041449586
1287,1287,Haiky Vietnam Cooking,5.0,359.3452819898658
1288,1288,Amor,4.5,507.1022518649127
1289,1289,Restaurant Panorama Tower,3.0,328.8341088550916
1290,1290,Kandler,4.0,322.05797230277994
1291,1291,Mifune,4.0,505.4209094285364
1292,1292,Kantine,3.5,133.7287273517101
1293,1293,Chinabrenner,4.0,563.9461925131104
1294,1294,Café Versorgung,3.0,424.5892976650738
1295,1295,Mørtelwerk,4.0,596.8366353263638
1296,1296,Chinapost,0.0,598.8818962100971
1297,1297,Mätzschkers Festsäle,0.0,443.1156133331479
1298,1298,Zum Rosengarten,4.5,490.9430076312681
1299,1299,Gaststätte Zur Schäferei,0.0,599.6434095588057
1300,1300,Imperii,5.0,318.87470834007064
1301,1301,Restaurant Steaktrain,4.0,328.0143718048536
1302,1302,Handbrotzeit,4.5,451.5612241181136
1303,1303,Yaki Gourmet,3.5,79.60293732781584
1304,1304,Masala,3.5,120.16732991675258
1305,1305,Pentahotel Restaurant,4.5,417.60669089116806
1306,1306,Pizzeria by Toni,5.0,322.9262253022724
1307,1307,Chinas Welt,4.0,482.5493261572726
1308,1308,Restaurant Brühl,4.5,640.7976152245907
1309,1309,Soup & Nem,4.0,439.6503786920735
1310,1310,Reinhardts im Gasthaus Alte Nikolaischule,4.5,490.81027117201774
1311,1311,asia hung,4.0,206.8295964270933
1312,1312,Morrison's Traditional Irish Pub,4.0,343.1942118128106
1313,1313,Thai-chi-viet,3.5,162.55454752559476
1314,1314,Mekong Asiasupermarkt,5.0,326.7966097818512
1315,1315,Wurstmeister,3.5,392.3084861705565
1316,1316,Opern Cafe,5.0,484.84783649221663
1317,1317,Brasserie Le Grand,4.5,643.9352103252323
1318,1318,Fatih Servet,3.0,165.4009382181094
1319,1319,Iberica Weindepot & Tappas,5.0,443.276117077049
1320,1320,Dhillons,3.5,495.5960184020029
1321,1321,Andria,3.5,419.9352334150458
1322,1322,Planerts,4.0,402.26307301755145
1323,1323,Nordsee,3.5,80.75975463791664
1324,1324,Pizza Hut,3.5,134.79172320837597
1325,1325,Indian Fingerfoods,5.0,458.0256367030885
1326,1326,Fair Play,4.0,169.80109748778574
1327,1327,Indian Crown,4.5,516.5267490410619
1328,1328,kalimera,2.5,285.21847413724794
1329,1329,Hà Nôi Cousine,3.0,369.0513891096746
1330,1330,Subway,4.5,113.263074205232
1331,1331,Pentahotel Leipzig,4.5,444.72147290154777
1332,1332,KFC,1.5,80.75975463791664
1333,1333,Trattoria Toskana,4.0,439.6503786920735
1334,1334,Goldene Kugel Leipzig,3.0,403.95239646222177
1335,1335,Indian Palace,4.0,478.0384074129834
1336,1336,Andria Pastore,3.0,385.64755513624624
1337,1337,Pepper House,3.0,532.011420673663
1338,1338,Café Central,4.0,616.0424076460977
1339,1339,Leo's Brasserie,3.5,480.2416673075314
1340,1340,Lukas Bäckerei,3.5,542.060625428227
1341,1341,Wiener Feinbäckerei Heberer,3.0,206.8295964270933
1342,1342,Sardinia Ristorante Italiano,3.5,540.4454548336728
1343,1343,Victor's Restaurant,3.0,89.25009404024466
1344,1344,Mumbai Indian Cuisine und Lounge,3.5,431.8839481892724
1345,1345,Alex,3.5,658.3529115474315
1346,1346,snack 'n coffee,3.5,222.86923447909984
1347,1347,Frisch back,2.0,133.4154625681761
1348,1348,McDonald's,3.0,148.34841028747803
1349,1349,Pizza Pasta House,4.0,579.8809116680145
0,0,Bagel Brothers,8.0,98.0
1,1,Imperii,8.4,170.0
2,2,Goldene Kugel,6.2,111.0
3,3,Planerts,7.4,210.0
4,4,Yasumi,7.3,216.0
5,5,Andria Ristorante,7.1,211.0
6,6,Niiko Sushi x Vegan,-1.0,132.0
7,7,KFC,6.3,179.0
8,8,Subway,6.4,205.0
9,9,Frittenwerk,-1.0,167.0
10,10,"Pizza Hut Leipzig, HBF",5.7,175.0
11,11,Asiahung,6.3,215.0
12,12,Romanushof,6.8,256.0
13,13,Burger King,5.3,170.0
14,14,ROCKET’S Burger,-1.0,183.0
15,15,Peter Pane,7.1,287.0
16,16,Sole Mio,-1.0,185.0
17,17,Masala - Indian Food,6.0,209.0
18,18,Pho Viet,7.1,285.0
19,19,McDonald's,6.8,271.0
20,20,Indian Crown,7.1,290.0
21,21,KFC,5.2,185.0
22,22,Haiky,6.7,266.0
23,23,Burgermeister der Grill,5.8,214.0
24,24,Frittz,-1.0,203.0
25,25,frischBack,-1.0,210.0
26,26,McDonald's,5.5,209.0
27,27,Indian Palace,6.3,262.0
28,28,Rusty‘S,-1.0,222.0
29,29,Ciao Bella,-1.0,225.0
30,30,Toskana Leipzig,-1.0,228.0
31,31,Endless,-1.0,229.0
32,32,Vietnam Bistro,-1.0,230.0
33,33,Mumbai,5.8,247.0
34,34,Sushi Circle,6.9,324.0
35,35,Campus Suite,-1.0,235.0
36,36,Indian Curry House,-1.0,240.0
37,37,Tischlein Deck Dich,-1.0,248.0
38,38,Gourmet-Restaurant FALCO,7.1,365.0
39,39,ALEX Leipzig,7.5,391.0
40,40,Long Food,-1.0,258.0
41,41,Micello's,-1.0,258.0
42,42,Valentino,7.5,410.0
43,43,Sardinia,7.1,386.0
44,44,Side Döner,-1.0,274.0
45,45,India Gate,5.7,284.0
46,46,Curry & Co,7.3,410.0
47,47,Dean & David,7.1,405.0
48,48,Falafel Ali,-1.0,289.0
49,49,Stein Café,6.7,389.0
50,50,Goldene Höhe,-1.0,197.0
51,51,Family-Restaurant Neumann (Familiengaststätte Neumann),-1.0,491.0
52,52,Frittenwerk,-1.0,65.0
53,53,ROCKET’S Burger,-1.0,71.0
54,54,Asiahung,6.3,107.0
55,55,Bagel Brothers,8.0,215.0
56,56,KFC,5.2,71.0
57,57,Frittz,-1.0,89.0
58,58,Masala - Indian Food,6.0,110.0
59,59,McDonald's,5.5,91.0
60,60,frischBack,-1.0,100.0
61,61,"Pizza Hut Leipzig, HBF",5.7,107.0
62,62,Imperii,8.4,262.0
63,63,Burger King,5.3,102.0
64,64,Ciao Bella,-1.0,123.0
65,65,Goldene Kugel,6.2,193.0
66,66,Campus Suite,-1.0,161.0
67,67,Planerts,7.4,306.0
68,68,Yasumi,7.3,307.0
69,69,Falafel Ali,-1.0,200.0
70,70,Andria Ristorante,7.1,324.0
71,71,Gourmet-Restaurant FALCO,7.1,330.0
72,72,Subway,6.4,298.0
73,73,Niiko Sushi x Vegan,-1.0,248.0
74,74,McDonald's,6.8,358.0
75,75,Romanushof,6.8,360.0
76,76,Peter Pane,7.1,391.0
77,77,Haiky,6.7,352.0
78,78,Sole Mio,-1.0,278.0
79,79,Pho Viet,7.1,392.0
80,80,Burgermeister der Grill,5.8,304.0
81,81,Indian Crown,7.1,408.0
82,82,Rusty‘S,-1.0,309.0
83,83,VICTOR’S Restaurant,-1.0,310.0
84,84,Indian Palace,6.3,374.0
85,85,Vietnam Bistro,-1.0,319.0
86,86,Restaurant Brühl,-1.0,326.0
87,87,Endless,-1.0,327.0
88,88,Tischlein Deck Dich,-1.0,328.0
89,89,Sushi Circle,6.9,436.0
90,90,Mumbai,5.8,355.0
91,91,Toskana Leipzig,-1.0,342.0
92,92,Curry & Co,7.3,492.0
93,93,Long Food,-1.0,345.0
94,94,Dean & David,7.1,483.0
95,95,Indian Curry House,-1.0,352.0
96,96,Micello's,-1.0,355.0
97,97,Side Döner,-1.0,363.0
98,98,India Gate,5.7,395.0
99,99,Takumi Leipzig,-1.0,401.0
100,100,Stein Café,6.7,505.0
101,101,Sushi to go,-1.0,424.0
102,102,ROCKET’S Burger,-1.0,56.0
103,103,KFC,5.2,59.0
104,104,McDonald's,5.5,80.0
105,105,Asiahung,6.3,145.0
106,106,Frittz,-1.0,120.0
107,107,frischBack,-1.0,136.0
108,108,Masala - Indian Food,6.0,166.0
109,109,Frittenwerk,-1.0,144.0
110,110,Gourmet-Restaurant FALCO,7.1,245.0
111,111,Bagel Brothers,8.0,318.0
112,112,Ciao Bella,-1.0,168.0
113,113,"Pizza Hut Leipzig, HBF",5.7,201.0
114,114,Imperii,8.4,381.0
115,115,Burger King,5.3,198.0
116,116,Goldene Kugel,6.2,252.0
117,117,Campus Suite,-1.0,234.0
118,118,Restaurant Brühl,-1.0,244.0
119,119,Falafel Ali,-1.0,245.0
120,120,Planerts,7.4,424.0
121,121,Andria Ristorante,7.1,432.0
122,122,Romanushof,6.8,421.0
123,123,Sole Mio,-1.0,331.0
124,124,Burgermeister der Grill,5.8,352.0
125,125,Pho Viet,7.1,456.0
126,126,Niiko Sushi x Vegan,-1.0,352.0
127,127,Rusty‘S,-1.0,353.0
128,128,Tischlein Deck Dich,-1.0,362.0
129,129,Indian Crown,7.1,501.0
130,130,Endless,-1.0,384.0
131,131,Long Food,-1.0,386.0
132,132,VICTOR’S Restaurant,-1.0,390.0
133,133,Side Döner,-1.0,403.0
134,134,Micello's,-1.0,407.0
135,135,Indian Palace,6.3,484.0
136,136,Vietnam Bistro,-1.0,439.0
137,137,Toskana Leipzig,-1.0,448.0
138,138,Mumbai,5.8,468.0
139,139,Sushi to go,-1.0,459.0
140,140,Indian Curry House,-1.0,462.0
141,141,Takumi Leipzig,-1.0,474.0
142,142,Restaurant Villers,-1.0,493.0
143,143,Steyersteins,-1.0,55.0
144,144,Bowlinggipfel,-1.0,104.0
145,145,Griechisches Restaurant Alexandros,6.9,316.0
146,146,Pho Co Restaurant - vietnamesische feine cuisine,-1.0,246.0
147,147,Soltani Bistro & Pizzeria,-1.0,366.0
148,148,Domino's Pizza Leipzig Eutritzsch Zentrum,-1.0,385.0
149,149,Localino - Italienisches Restaurant,-1.0,442.0
150,150,Mediengarten in der Mediacity am MDR,-1.0,376.0
151,151,"Pizza Hut Leipzig, HBF",5.7,59.0
152,152,Burger King,5.3,61.0
153,153,Imperii,8.4,219.0
154,154,Campus Suite,-1.0,76.0
155,155,Masala - Indian Food,6.0,113.0
156,156,Asiahung,6.3,137.0
157,157,Bagel Brothers,8.0,248.0
158,158,Frittenwerk,-1.0,115.0
159,159,Ciao Bella,-1.0,124.0
160,160,Falafel Ali,-1.0,135.0
161,161,frischBack,-1.0,142.0
162,162,Planerts,7.4,260.0
163,163,Frittz,-1.0,152.0
164,164,VICTOR’S Restaurant,-1.0,166.0
165,165,McDonald's,5.5,189.0
166,166,ROCKET’S Burger,-1.0,202.0
167,167,KFC,5.2,199.0
168,168,Andria Ristorante,7.1,319.0
169,169,Goldene Kugel,6.2,298.0
170,170,Vietnam Bistro,-1.0,257.0
171,171,Takumi Leipzig,-1.0,258.0
172,172,Niiko Sushi x Vegan,-1.0,271.0
173,173,Indian Palace,6.3,358.0
174,174,Indian Crown,7.1,429.0
175,175,Mumbai,5.8,327.0
176,176,Sardinia,7.1,458.0
177,177,Indian Curry House,-1.0,337.0
178,178,Peter Pane,7.1,467.0
179,179,Pho Viet,7.1,462.0
180,180,Romanushof,6.8,438.0
181,181,Toskana Leipzig,-1.0,341.0
182,182,Gourmet-Restaurant FALCO,7.1,485.0
183,183,India Gate,5.7,372.0
184,184,Peperoni,-1.0,370.0
185,185,H & V Asia Imbiss Döner,-1.0,374.0
186,186,Sole Mio,-1.0,374.0
187,187,Burgermeister der Grill,5.8,403.0
188,188,Rusty‘S,-1.0,411.0
189,189,Endless,-1.0,414.0
190,190,Tischlein Deck Dich,-1.0,437.0
191,191,Micello's,-1.0,444.0
192,192,Long Food,-1.0,447.0
193,193,Side Döner,-1.0,463.0
194,194,Dubrovnik,-1.0,114.0
195,195,Subway,6.4,433.0
196,196,Trago,-1.0,18.0
197,197,Tamers Bistro,7.6,32.0
198,198,Dankbar Kaffee Leipzig,8.0,122.0
199,199,Pizzeria Napoli,-1.0,29.0
200,200,Elia Griechisches,-1.0,39.0
201,201,Maharadscha,-1.0,58.0
202,202,Subway,5.9,82.0
203,203,Bacco 36,7.3,274.0
204,204,Fam Tran Phat,6.3,214.0
205,205,L`arena Pizzeria,6.1,244.0
206,206,Von Meck,-1.0,226.0
207,207,lauritz Café & Handwerk,-1.0,253.0
208,208,Taverna Hellas,-1.0,261.0
209,209,Aspendos Grill,6.0,346.0
210,210,Ratskeller der Stadt Leipzig,8.6,112.0
211,211,Schiller Cafe,7.0,101.0
212,212,MissMarple‘s – Steaks ‘n Bar,-1.0,36.0
213,213,Bohemian Kids Cafe,8.7,263.0
214,214,L'Osteria,8.4,285.0
215,215,ZR Zchaca Restaurant,8.2,277.0
216,216,Kantine Leipzig,-1.0,129.0
217,217,Thüringer Hof,7.4,244.0
218,218,Il Corso,6.9,228.0
219,219,Max Enk,7.1,277.0
220,220,La Piazza Gastronomie GmbH,-1.0,191.0
221,221,Sushi & Nem,6.4,281.0
222,222,Cafe Kandler,7.0,357.0
223,223,Hoshi Leipzig,-1.0,258.0
224,224,HANS IM GLÜCK - LEIPZIG Augustusplatz,7.4,426.0
225,225,Cafe Madrid,7.8,457.0
226,226,Pizzeria Del Cavaliere,-1.0,294.0
227,227,Bins Chinarestaurant,-1.0,296.0
228,228,Kimi,-1.0,303.0
229,229,Die erste Leipziger Brotschule mit und von Backhaus Wentzlaff,7.3,443.0
230,230,Soupbar Summarum,7.0,445.0
231,231,Puro 5,6.6,411.0
232,232,Imbiss M. Omran,-1.0,349.0
233,233,Central,6.7,447.0
234,234,Bull & Bonito,-1.0,365.0
235,235,Sardinia,7.1,503.0
236,236,Restaurant Amor,6.8,476.0
237,237,Stadtpfeiffer,-1.0,390.0
238,238,DINEA Café & Restaurant,-1.0,399.0
239,239,Sakura Sushi-Kunst,-1.0,410.0
240,240,Big Burgester,-1.0,416.0
241,241,San Remo Pizzeria & Baguetteria,-1.0,424.0
242,242,TUK TUK Thailändisches Restaurant,5.8,472.0
243,243,Ouai,-1.0,459.0
244,244,La Grotta,6.9,273.0
245,245,Diego Restaurant & Bar,6.2,205.0
246,246,Bacco 36,7.3,442.0
247,247,Taverna Hellas,-1.0,463.0
248,248,Valentino,7.5,30.0
249,249,Curry & Co,7.3,37.0
250,250,Dean & David,7.1,35.0
251,251,Enchilada,6.1,17.0
252,252,Frittz,-1.0,62.0
253,253,Mondschein,7.5,199.0
254,254,McDonald's,6.8,171.0
255,255,Peter Pane,7.1,204.0
256,256,Sushi to go,-1.0,112.0
257,257,Haiky,6.7,175.0
258,258,Yasumi,7.3,226.0
259,259,Pho Viet,7.1,221.0
260,260,Wenzel Prager Bierstuben,6.6,198.0
261,261,Restaurant Villers,-1.0,138.0
262,262,Romanushof,6.8,220.0
263,263,Sushi Circle,6.9,245.0
264,264,Side Döner,-1.0,169.0
265,265,Barthels Hof,6.6,237.0
266,266,Schnitzel Culture,5.6,188.0
267,267,Long Food,-1.0,183.0
268,268,Subway,6.4,239.0
269,269,Kellari,6.6,256.0
270,270,Tischlein Deck Dich,-1.0,192.0
271,271,Barfusz,6.8,276.0
272,272,Micello's,-1.0,198.0
273,273,Cafe Madrid,7.8,356.0
274,274,Burgermeister der Grill,5.8,227.0
275,275,Rusty‘S,-1.0,218.0
276,276,Huwa,6.1,258.0
277,277,Endless,-1.0,226.0
278,278,Umaii Ramenbar,6.7,303.0
279,279,Bagel Brothers,8.0,406.0
280,280,Kartoffelhaus No. 1,5.7,243.0
281,281,Stein Café,6.7,316.0
282,282,Lerchennest,-1.0,243.0
283,283,Luise,7.8,402.0
284,284,Indian Crown,7.1,356.0
285,285,ALEX Leipzig,7.5,386.0
286,286,Nordsee,6.4,303.0
287,287,Zigarre,5.9,271.0
288,288,Vietnam-Küche,-1.0,253.0
289,289,Kritton Kouzina,-1.0,256.0
290,290,An Nam,7.6,410.0
291,291,Sole Mio,-1.0,257.0
292,292,Piccola Italia,6.8,353.0
293,293,Feuerwassereis Kochen Erleben,-1.0,264.0
294,294,Fürst,-1.0,282.0
295,295,Chang,7.7,444.0
296,296,Goldene Kugel,6.2,332.0
297,297,Sakura Kaiten Sushibar,7.2,421.0
298,298,HANS IM GLÜCK - LEIPZIG Augustusplatz,7.4,65.0
299,299,Bohemian Kids Cafe,8.7,211.0
300,300,Sardinia,7.1,171.0
301,301,Stadtpfeiffer,-1.0,112.0
302,302,Max Enk,7.1,212.0
303,303,Spagos Restaurant & Lounge,-1.0,174.0
304,304,San Remo Pizzeria & Baguetteria,-1.0,176.0
305,305,Imperii,8.4,351.0
306,306,Central,6.7,255.0
307,307,Planerts,7.4,308.0
308,308,Felix Kantine,-1.0,187.0
309,309,Bins Chinarestaurant,-1.0,194.0
310,310,Kimi,-1.0,196.0
311,311,ALEX Leipzig,7.5,325.0
312,312,Andria Ristorante,7.1,327.0
313,313,Indian Palace,6.3,281.0
314,314,Indian Crown,7.1,350.0
315,315,DINEA Café & Restaurant,-1.0,242.0
316,316,India Gate,5.7,258.0
317,317,Bagel Brothers,8.0,435.0
318,318,Trattoria Amici,7.5,408.0
319,319,Mumbai,5.8,277.0
320,320,Schiller Cafe,7.0,373.0
321,321,Rostbratwurstgrill.de,-1.0,276.0
322,322,Vietnam Bistro,-1.0,294.0
323,323,Indian Curry House,-1.0,296.0
324,324,Stein Café,6.7,398.0
325,325,Thüringer Hof,7.4,464.0
326,326,Sushi & Nem,6.4,378.0
327,327,Toskana Leipzig,-1.0,323.0
328,328,Cafe Kandler,7.0,461.0
329,329,Sushi Circle,6.9,457.0
330,330,Puro 5,6.6,440.0
331,331,Pho Viet,7.1,490.0
332,332,Nordsee,6.4,433.0
333,333,Peter Pane,7.1,509.0
334,334,Barfusz,6.8,488.0
335,335,Niiko Sushi x Vegan,-1.0,406.0
336,336,Barthels Hof,6.6,512.0
337,337,Burger King,5.0,418.0
338,338,Vietnam-Küche,-1.0,472.0
339,339,Feuerwassereis Kochen Erleben,-1.0,480.0
340,340,Pizzeria Del Cavaliere,-1.0,481.0
341,341,Bellinis,5.2,472.0
342,342,Bäckerei Schäfers,-1.0,1649.0
343,343,Studio 3,-1.0,26.0
344,344,Hot Pizza,-1.0,328.0
345,345,Peperoni,-1.0,418.0
346,346,H & V Asia Imbiss Döner,-1.0,420.0
347,347,Anatolien,-1.0,459.0
348,348,ShowKantine,-1.0,459.0
349,349,Insel20,-1.0,484.0
350,350,Globus Döner,7.9,7.0
351,351,Espresso Zack Zack,8.8,150.0
352,352,Bistro de Libanon,6.9,173.0
353,353,Quan Xua Restaurant,-1.0,177.0
354,354,Dönizza,-1.0,197.0
355,355,Reudnitzer Terrassen,-1.0,378.0
356,356,Café Bubu,-1.0,451.0
357,357,Kumpir Döner,-1.0,474.0
358,358,Kenko Burger,-1.0,479.0
359,359,Star Pizza Service,-1.0,498.0
360,360,Parkrestaurant am Völkerschlachtdenkmal,-1.0,38.0
361,361,Pello,-1.0,63.0
362,362,Divino,7.4,44.0
363,363,Meetfreude,7.2,57.0
364,364,Kollektiv,6.6,32.0
365,365,Noels Ballroom,8.4,154.0
366,366,Sen Asia Food,-1.0,51.0
367,367,Mother India,-1.0,67.0
368,368,Café feinOST,-1.0,68.0
369,369,Alexanders,-1.0,84.0
370,370,Mr. Thong Sushi & more,-1.0,121.0
371,371,Stückwerk Pizzakultur,-1.0,126.0
372,372,La Strada,6.0,193.0
373,373,L'arte della cucina italiana,-1.0,195.0
374,374,Shams Bistro & Lieferservice,7.5,336.0
375,375,Bistro El-Amir,7.5,342.0
376,376,Lothar,-1.0,216.0
377,377,Cafe Maitre,8.1,133.0
378,378,L'angolo d'Italia,-1.0,223.0
379,379,Asia Imbiss,-1.0,229.0
380,380,Olive Tree Döner & Pizza Leipzig,7.8,419.0
381,381,Fela,7.5,399.0
382,382,Shady,7.5,449.0
383,383,Shahia,7.6,454.0
384,384,Kneipencafe Orange,7.0,427.0
385,385,Orpheus,-1.0,354.0
386,386,Yoko Sushi,-1.0,355.0
387,387,Stella Ristorante,-1.0,360.0
388,388,Acapulco,5.8,394.0
389,389,Safran,5.7,393.0
390,390,Sona Leipzig,-1.0,391.0
391,391,Café NiMo,-1.0,438.0
392,392,Habibi Bistro Döner,-1.0,450.0
393,393,Goa - Indisches Restaurant,-1.0,457.0
394,394,Sindbad,-1.0,541.0
395,395,Shiki Sushi Bar Two,7.8,84.0
396,396,Uptown Coffee Bar,7.6,93.0
397,397,Subway,6.5,105.0
398,398,VITA B Gesund & Lecker,5.9,109.0
399,399,Amazigh Feinkost,-1.0,99.0
400,400,Restaurant Amor,6.8,225.0
401,401,Soupbar Summarum,7.0,260.0
402,402,Zhang,7.8,311.0
403,403,TUK TUK Thailändisches Restaurant,5.8,243.0
404,404,Sakura Sushi-Kunst,-1.0,239.0
405,405,Ouai,-1.0,249.0
406,406,Big Burgester,-1.0,256.0
407,407,Burger King,5.3,254.0
408,408,Vietnam Küche,-1.0,330.0
409,409,Domino's Pizza Leipzig Süd,-1.0,421.0
410,410,Dios grill,-1.0,428.0
411,411,Goa - Indisches Restaurant,-1.0,487.0
412,412,Chito Gvrito,-1.0,488.0
413,413,Willsons,7.5,90.0
414,414,Curry Süd,6.1,17.0
415,415,DINA Falafel and more,-1.0,74.0
416,416,Döner King,5.9,196.0
417,417,Goldfisch,-1.0,193.0
418,418,A Tacolypse,7.9,368.0
419,419,Bistro Shahia II,-1.0,223.0
420,420,MC Scheich II,-1.0,225.0
421,421,Vegan Express,-1.0,225.0
422,422,Ristorante Pizzeria Natalina,7.8,435.0
423,423,Krummbirne,-1.0,302.0
424,424,Le Cygne,-1.0,310.0
425,425,Restaurant Mona Lisa,-1.0,332.0
426,426,Pizza Revolution Leipzig,-1.0,334.0
427,427,Paps,-1.0,351.0
428,428,Bistro Grill Süd Noori,-1.0,368.0
429,429,Betten Költzsch,-1.0,373.0
430,430,Lamies Orientalische Spezialitäten,-1.0,438.0
431,431,Brotlos,-1.0,158.0
432,432,Ginseng,-1.0,221.0
433,433,Hacienda Mexicana,-1.0,366.0
434,434,Uno Pizza Leipzig Gohlis,-1.0,374.0
435,435,Schwung und Schwebe,-1.0,443.0
436,436,Portofino,-1.0,487.0
437,437,Ikram ocakbasi,-1.0,9.0
438,438,Mr. Wok Asia Bistro,-1.0,59.0
439,439,Furat Bistro,-1.0,95.0
440,440,Bistro Haci Baba,-1.0,96.0
441,441,Antalya Kebabhaus,-1.0,128.0
442,442,Bab Al Qalaa,-1.0,147.0
443,443,KuApo - Die Kulturapotheke,-1.0,199.0
444,444,Pizzeria Tito,-1.0,241.0
445,445,Sesam Grill Leipzig,-1.0,258.0
446,446,Öz Mevlana,-1.0,352.0
447,447,Peking Palast,-1.0,81.0
448,448,Pizzeria Gasse,-1.0,215.0
449,449,KuApo - Die Kulturapotheke,-1.0,375.0
450,450,Bab Al Qalaa,-1.0,427.0
451,451,Kebap Pide Haus,-1.0,83.0
452,452,Hallo Pizza,-1.0,1053.0
453,453,Trattoria und Pizzeria Aurelia,7.2,86.0
454,454,Restaurant Palmensaal,-1.0,133.0
455,455,Bambus Frisch,-1.0,223.0
456,456,Hacienda Las Casas im Zoo Leipzig,6.5,303.0
457,457,Mondschein,7.5,407.0
458,458,Piccola Italia,6.8,387.0
459,459,Café Yellow Brasil,-1.0,299.0
460,460,Restaurant Brühl,-1.0,374.0
461,461,Kellari,6.6,471.0
462,462,Restaurant Villers,-1.0,454.0
463,463,Kritton Kouzina,-1.0,488.0
464,464,Restaurant Ofenrohr,7.3,394.0
465,465,Bambus Frisch,-1.0,338.0
466,466,Restaurant Palmensaal,-1.0,392.0
467,467,Hacienda Las Casas im Zoo Leipzig,6.5,530.0
468,468,Bistro Antep,-1.0,13.0
469,469,Mytropolis,8.4,331.0
470,470,Pamir Bistro,-1.0,179.0
471,471,Jeepney Café,-1.0,194.0
472,472,Call a Pizza,-1.0,212.0
473,473,Uno Pizza Leipzig Gohlis,-1.0,305.0
474,474,Konoba Laterna,-1.0,319.0
475,475,Ristorante Vitelli,-1.0,340.0
476,476,Hachimi,-1.0,359.0
477,477,Frieda Restaurant,-1.0,426.0
478,478,Hart & Herzlich Pâtisserie unplugged,-1.0,444.0
479,479,Imbiss Damaskus,-1.0,455.0
480,480,Salumi,-1.0,481.0
481,481,Salumeria Italiana,-1.0,2145.0
482,482,City Grill,-1.0,40.0
483,483,Eiscafé im Rosenhof,-1.0,246.0
484,484,Restaurant Aufgehende Sonne,-1.0,311.0
485,485,El Torro,-1.0,340.0
486,486,Will - Grill,-1.0,342.0
487,487,Stottmeister,-1.0,375.0
488,488,Casablanca,-1.0,386.0
489,489,Casablanca Hotel Restaurant Bowlingbahn,-1.0,392.0
490,490,Meteora Grill Gyros+Pita,-1.0,394.0
491,491,Peking Palast,-1.0,302.0
492,492,Pizzeria Gasse,-1.0,446.0
493,493,Gaststätte Volksgarten,-1.0,446.0
494,494,Bozova Kebab Haus,-1.0,468.0
495,495,Chulo,7.4,138.0
496,496,Bistro Ischtar,-1.0,209.0
497,497,Bistro Petra,-1.0,325.0
498,498,Kleine Leckerei Cafe & Bistro,-1.0,400.0
499,499,Drei Kastanien,-1.0,406.0
500,500,Fratelli Pastabar,-1.0,465.0
501,501,Mai Tai,7.6,120.0
502,502,Jimmy Orpheus Cafe & Bar,8.3,158.0
503,503,Gaststätte Bauhütte,-1.0,86.0
504,504,Fratelli Pastabar,-1.0,169.0
505,505,Dreßler Cornelia und Wein & Schokolade,-1.0,260.0
506,506,Bistro Petra,-1.0,310.0
507,507,Kleine Leckerei Cafe & Bistro,-1.0,331.0
508,508,Bistro Ischtar,-1.0,424.0
509,509,Prellbock das Restaurant,6.0,502.0
510,510,Croissanterie Leipzig,-1.0,507.0
511,511,Bistro Alanya Eiscafe,-1.0,21.0
512,512,Jedermann,-1.0,80.0
513,513,Pizza Lab,-1.0,339.0
514,514,Restaurant Little Saigon,-1.0,452.0
515,515,Olea,8.1,323.0
516,516,Gambrinus Gaststätte mit Biergarten,-1.0,326.0
517,517,SCHNIZZ Leipzig-West,5.7,363.0
518,518,Kleopatra,-1.0,448.0
519,519,Pan,-1.0,482.0
520,520,Zum Wursterben,-1.0,492.0
521,521,B10,8.0,278.0
522,522,Kapital Cafe der Galerie,7.7,331.0
523,523,Viet Village,7.4,335.0
524,524,Koy,-1.0,229.0
525,525,Violino,-1.0,325.0
526,526,Mama Robert,-1.0,362.0
527,527,Café Alibi,-1.0,392.0
528,528,Chito Gvrito,-1.0,419.0
529,529,Localino - Italienisches Restaurant,-1.0,464.0
530,530,Volle Rolle,7.9,17.0
531,531,Chumumi,7.1,74.0
532,532,Quan Xanh Vietnamese Vegan Food,-1.0,34.0
533,533,Meins,7.5,182.0
534,534,Suppentempel,-1.0,79.0
535,535,Bistro Sindbad,-1.0,94.0
536,536,Beit Giddi,-1.0,104.0
537,537,Café Kater,8.2,252.0
538,538,Dipasquale,8.3,272.0
539,539,Café Oink,-1.0,145.0
540,540,Casablanca,7.4,269.0
541,541,AKKO Hummus Bar,7.1,251.0
542,542,Don Kichot,7.2,266.0
543,543,Beard Brothers feinen Hot Dog Company,7.8,305.0
544,544,Domino's Pizza Leipzig Plagwitz,-1.0,165.0
545,545,Patio del Sol,-1.0,172.0
546,546,El Arabi,6.4,226.0
547,547,Le Petit Franz,7.9,352.0
548,548,Croissanterie Leipzig,7.0,310.0
549,549,Veganese Quán Chay,-1.0,264.0
550,550,Fam Tran Phat,6.2,316.0
551,551,Süß + Salzig,7.2,421.0
552,552,Little Italy,-1.0,294.0
553,553,Peking Haus,-1.0,298.0
554,554,Café Albert,7.0,439.0
555,555,Call a Pizza,-1.0,322.0
556,556,Prellbock das Restaurant,6.0,362.0
557,557,Mam Mam Leipzig,-1.0,334.0
558,558,Chinabrenner Winterquartier,-1.0,390.0
559,559,Moini - Steinofenpizza,-1.0,409.0
560,560,Croissanterie Leipzig,-1.0,414.0
561,561,Old Rebel,-1.0,457.0
562,562,Beard Brothers feinen Hot Dog Company,7.8,6.0
563,563,Dipasquale,8.3,43.0
564,564,Le Petit Franz,7.9,49.0
565,565,Croissanterie Leipzig,7.0,15.0
566,566,Don Kichot,7.2,92.0
567,567,Call a Pizza,-1.0,13.0
568,568,Süß + Salzig,7.2,111.0
569,569,Peking Haus,-1.0,52.0
570,570,Casablanca,7.4,167.0
571,571,Meins,7.5,188.0
572,572,AKKO Hummus Bar,7.1,189.0
573,573,Veganese Quán Chay,-1.0,122.0
574,574,Café Albert,7.0,215.0
575,575,Chinabrenner Winterquartier,-1.0,157.0
576,576,Volle Rolle,7.9,304.0
577,577,Café Kater,8.2,326.0
578,578,Little Italy,-1.0,201.0
579,579,Fam Tran Phat,6.2,243.0
580,580,Moini - Steinofenpizza,-1.0,203.0
581,581,Chumumi,7.1,344.0
582,582,El Arabi,6.4,302.0
583,583,Domino's Pizza Leipzig Plagwitz,-1.0,272.0
584,584,Suppentempel,-1.0,289.0
585,585,Quan Xanh Vietnamese Vegan Food,-1.0,320.0
586,586,Patio del Sol,-1.0,338.0
587,587,Mam Mam Leipzig,-1.0,360.0
588,588,Beit Giddi,-1.0,360.0
589,589,Bistro Sindbad,-1.0,361.0
590,590,Café Oink,-1.0,422.0
591,591,Glas & Bohne,-1.0,458.0
592,592,SCHNIZZ Leipzig-West,5.7,487.0
593,593,Haus 56,-1.0,482.0
594,594,Cafe Petisqueira,-1.0,665.0
595,595,Café Kater,8.2,106.0
596,596,Mam Mam Leipzig,-1.0,29.0
597,597,Fam Tran Phat,6.2,113.0
598,598,Casablanca,7.4,187.0
599,599,AKKO Hummus Bar,7.1,170.0
600,600,El Arabi,6.4,127.0
601,601,Meins,7.5,215.0
602,602,Little Italy,-1.0,153.0
603,603,Dipasquale,8.3,319.0
604,604,Don Kichot,7.2,263.0
605,605,Volle Rolle,7.9,336.0
606,606,Domino's Pizza Leipzig Plagwitz,-1.0,188.0
607,607,Patio del Sol,-1.0,200.0
608,608,Beard Brothers feinen Hot Dog Company,7.8,356.0
609,609,Le Petit Franz,7.9,397.0
610,610,Veganese Quán Chay,-1.0,233.0
611,611,Croissanterie Leipzig,7.0,368.0
612,612,Suppentempel,-1.0,274.0
613,613,Süß + Salzig,7.2,414.0
614,614,Olea,8.1,494.0
615,615,Peking Haus,-1.0,302.0
616,616,Chumumi,7.1,427.0
617,617,SCHNIZZ Leipzig-West,5.7,357.0
618,618,Call a Pizza,-1.0,356.0
619,619,Quan Xanh Vietnamese Vegan Food,-1.0,387.0
620,620,Bistro Sindbad,-1.0,447.0
621,621,Beit Giddi,-1.0,457.0
622,622,Café Oink,-1.0,494.0
623,623,Cafe Petisqueira,-1.0,653.0
624,624,Pekar,7.9,112.0
625,625,Cafe Petisqueira,-1.0,30.0
626,626,Olea,8.1,163.0
627,627,Kleopatra,-1.0,49.0
628,628,Pan,-1.0,67.0
629,629,Gambrinus Gaststätte mit Biergarten,-1.0,114.0
630,630,BasaMo Insel,-1.0,134.0
631,631,Haus 56,-1.0,258.0
632,632,SCHNIZZ Leipzig-West,5.7,281.0
633,633,Glas & Bohne,-1.0,357.0
634,634,Zum Wursterben,-1.0,445.0
635,635,Restaurant Little Saigon,-1.0,493.0
636,636,Pizza Lab,-1.0,501.0
637,637,Luise,7.8,7.0
638,638,Sakura Kaiten Sushibar,7.2,26.0
639,639,An Nam,7.6,89.0
640,640,Inside Asia,6.8,74.0
641,641,Chang,7.7,158.0
642,642,Batu,-1.0,61.0
643,643,Mascarpone,-1.0,70.0
644,644,Canito,-1.0,73.0
645,645,Maison Viet,-1.0,91.0
646,646,Café Tunichtgut,7.8,289.0
647,647,Cafe Madrid,7.8,292.0
648,648,Huwa,6.1,229.0
649,649,L'Osteria,8.4,381.0
650,650,ZR Zchaca Restaurant,8.2,381.0
651,651,Umaii Ramenbar,6.7,284.0
652,652,La Casa,-1.0,213.0
653,653,Wenzel Prager Bierstuben,6.6,289.0
654,654,Cafe Kandler,7.0,347.0
655,655,Die erste Leipziger Brotschule mit und von Backhaus Wentzlaff,7.3,369.0
656,656,Barfusz,6.8,333.0
657,657,Schnitzel Culture,5.6,260.0
658,658,Kartoffelhaus No. 1,5.7,264.0
659,659,Apels Garten,-1.0,258.0
660,660,Barthels Hof,6.6,333.0
661,661,Valentino,7.5,417.0
662,662,Lerchennest,-1.0,270.0
663,663,Curry & Co,7.3,404.0
664,664,Thüringer Hof,7.4,417.0
665,665,Zigarre,5.9,297.0
666,666,Puro 5,6.6,352.0
667,667,Dean & David,7.1,421.0
668,668,Bull & Bonito,-1.0,306.0
669,669,Kolinar,-1.0,313.0
670,670,Fürst,-1.0,317.0
671,671,Il Corso,6.9,421.0
672,672,Nordsee,6.4,391.0
673,673,Ratskeller der Stadt Leipzig,8.6,562.0
674,674,Tokyo Cafe,-1.0,338.0
675,675,ALEX Leipzig,7.5,499.0
676,676,Domino's Pizza Leipzig Zentrum West (Domino‘s Pizza Leipzig Zentrum West),-1.0,343.0
677,677,Pizza Paradiso,-1.0,343.0
678,678,Enchilada,6.1,384.0
679,679,Stein Café,6.7,443.0
680,680,Peter Pane,7.1,486.0
681,681,Sushi Circle,6.9,461.0
682,682,Feuerwassereis Kochen Erleben,-1.0,355.0
683,683,Pho Viet,7.1,489.0
684,684,Bellinis,5.2,350.0
685,685,Kellari,6.6,458.0
686,686,Sushi & Nem,6.4,449.0
687,687,Café Tunichtgut,7.8,332.0
688,688,Dankbar Kaffee Leipzig,8.0,397.0
689,689,Pizza Paradiso,-1.0,243.0
690,690,Chang,7.7,415.0
691,691,Tamers Bistro,7.6,428.0
692,692,Tokyo Cafe,-1.0,276.0
693,693,An Nam,7.6,445.0
694,694,Luise,7.8,476.0
695,695,Kolinar,-1.0,317.0
696,696,Sakura Kaiten Sushibar,7.2,462.0
697,697,Die erste Leipziger Brotschule mit und von Backhaus Wentzlaff,7.3,472.0
698,698,Mein Leipzig,-1.0,329.0
699,699,Fam Tran Phat,6.3,430.0
700,700,Apels Garten,-1.0,393.0
701,701,L`arena Pizzeria,6.1,440.0
702,702,Domino's Pizza Leipzig Zentrum West (Domino‘s Pizza Leipzig Zentrum West),-1.0,404.0
703,703,Pizzeria Napoli,-1.0,417.0
704,704,Subway,5.9,449.0
705,705,La Casa,-1.0,422.0
706,706,Mascarpone,-1.0,430.0
707,707,Canito,-1.0,441.0
708,708,Batu,-1.0,448.0
709,709,Elia Griechisches,-1.0,453.0
710,710,Aspendos Grill,6.0,604.0
711,711,Stein Café,6.7,10.0
712,712,ALEX Leipzig,7.5,67.0
713,713,Nordsee,6.4,50.0
714,714,Indian Crown,7.1,117.0
715,715,Sushi Circle,6.9,104.0
716,716,Barfusz,6.8,109.0
717,717,Burger King,5.0,34.0
718,718,Cafe Madrid,7.8,177.0
719,719,Barthels Hof,6.6,122.0
720,720,Pho Viet,7.1,160.0
721,721,Central,6.7,140.0
722,722,Vietnam-Küche,-1.0,79.0
723,723,Peter Pane,7.1,175.0
724,724,Feuerwassereis Kochen Erleben,-1.0,91.0
725,725,Umaii Ramenbar,6.7,160.0
726,726,Puro 5,6.6,156.0
727,727,Bellinis,5.2,92.0
728,728,Romanushof,6.8,195.0
729,729,Wenzel Prager Bierstuben,6.6,183.0
730,730,Fürst,-1.0,124.0
731,731,Zigarre,5.9,145.0
732,732,Cafe Kandler,7.0,225.0
733,733,Sardinia,7.1,232.0
734,734,Andria Ristorante,7.1,233.0
735,735,Bagel Brothers,8.0,304.0
736,736,Yasumi,7.3,268.0
737,737,Indian Palace,6.3,215.0
738,738,Imperii,8.4,342.0
739,739,DINEA Café & Restaurant,-1.0,174.0
740,740,Curry & Co,7.3,291.0
741,741,Kartoffelhaus No. 1,5.7,184.0
742,742,Lerchennest,-1.0,178.0
743,743,Valentino,7.5,310.0
744,744,McDonald's,6.8,261.0
745,745,Huwa,6.1,216.0
746,746,Planerts,7.4,317.0
747,747,Sushi & Nem,6.4,248.0
748,748,Haiky,6.7,266.0
749,749,Thüringer Hof,7.4,327.0
750,750,Dean & David,7.1,309.0
751,751,Bohemian Kids Cafe,8.7,394.0
752,752,India Gate,5.7,216.0
753,753,Subway,6.4,264.0
754,754,Toskana Leipzig,-1.0,212.0
755,755,Schnitzel Culture,5.6,221.0
756,756,San Remo Pizzeria & Baguetteria,-1.0,222.0
757,757,Micello's,-1.0,224.0
758,758,Max Enk,7.1,331.0
759,759,Indian Curry House,-1.0,228.0
760,760,Endless,-1.0,232.0
761,761,Shams Bistro & Lieferservice,7.5,337.0
762,762,Mediengarten in der Mediacity am MDR,-1.0,321.0
763,763,Ungarisches Spezialitäten Restaurant Váradi Csárda,-1.0,382.0
764,764,Skaska,-1.0,409.0
765,765,Yoko Sushi,-1.0,421.0
766,766,Asia Imbiss,-1.0,437.0
767,767,Gohliser Hof,-1.0,368.0
768,768,Imbiss Damaskus,-1.0,397.0
769,769,Punjabi,-1.0,445.0
770,770,Hacienda Mexicana,-1.0,465.0
771,771,Schwung und Schwebe,-1.0,476.0
772,772,Domino's Pizza Leipzig Ost,-1.0,166.0
773,773,Cáo Restaurant - Bar - Street Food,-1.0,168.0
774,774,Domino's Pizza,-1.0,221.0
775,775,Star Pizza Service,-1.0,329.0
776,776,Café Bubu,-1.0,445.0
777,777,Atrium Bistro,-1.0,765.0
778,778,Café Bubu,-1.0,67.0
779,779,Kumpir Döner,-1.0,104.0
780,780,Kenko Burger,-1.0,110.0
781,781,Espresso Zack Zack,8.8,391.0
782,782,Star Pizza Service,-1.0,225.0
783,783,Globus Döner,7.9,456.0
784,784,Domino's Pizza,-1.0,321.0
785,785,Domino's Pizza Leipzig Ost,-1.0,352.0
786,786,Atrium Bistro,-1.0,1261.0
787,787,Mørtelwerk,6.6,349.0
788,788,Rambutan - Asiatische Spezialitäten,-1.0,391.0
789,789,Uno Pizza Leipzig Lindenau,-1.0,401.0
790,790,Mørtelwerk,6.6,96.0
791,791,Kirow Kantine,-1.0,157.0
792,792,McDonald's,5.7,415.0
793,793,Asia Imbiss,-1.0,33.0
794,794,Pizzeria Cortigiano,-1.0,57.0
795,795,Gaststätte Mariental,-1.0,329.0
796,796,Subway,6.9,53.0
797,797,GreenSoul,7.6,112.0
798,798,Das Fass - Leipzigs erster Altbierkeller,-1.0,7.0
799,799,World Of Pizza,-1.0,95.0
800,800,Bistro Lia,-1.0,132.0
801,801,Maharani,-1.0,218.0
802,802,Sushi & Wok Hongkong Restaurant,-1.0,451.0
803,803,Café im Grassi,-1.0,215.0
804,804,Trattoria Amici,7.5,353.0
805,805,Addis Café Leipzig,-1.0,442.0
806,806,Boof Pizza,-1.0,467.0
807,807,Campus Café Salomon,-1.0,503.0
808,808,Anatolien,-1.0,26.0
809,809,Öz Mevlana,-1.0,189.0
810,810,Sesam Grill Leipzig,-1.0,284.0
811,811,Pizzeria Tito,-1.0,312.0
812,812,Antalya Kebabhaus,-1.0,413.0
813,813,Studio 3,-1.0,445.0
814,814,Bistro Haci Baba,-1.0,446.0
815,815,Furat Bistro,-1.0,447.0
816,816,Mr. Wok Asia Bistro,-1.0,483.0
817,817,Hot Pizza,-1.0,531.0
818,818,Mr. Wok Asia Bistro,-1.0,282.0
819,819,Furat Bistro,-1.0,287.0
820,820,Pizzeria Tito,-1.0,292.0
821,821,Bistro Haci Baba,-1.0,293.0
822,822,Ikram ocakbasi,-1.0,294.0
823,823,Antalya Kebabhaus,-1.0,297.0
824,824,Bab Al Qalaa,-1.0,348.0
825,825,Sesam Grill Leipzig,-1.0,349.0
826,826,Trago,-1.0,367.0
827,827,KuApo - Die Kulturapotheke,-1.0,382.0
828,828,Öz Mevlana,-1.0,417.0
829,829,Mai Tai,7.6,313.0
830,830,Jimmy Orpheus Cafe & Bar,8.3,375.0
831,831,Croissanterie Leipzig,-1.0,222.0
832,832,Ouzeri Was Kost Das,-1.0,244.0
833,833,Prellbock das Restaurant,6.0,275.0
834,834,Gaststätte Bauhütte,-1.0,347.0
835,835,Freddy Fresh Pizza Leipzig-Plagwitz,-1.0,381.0
836,836,Dreßler Cornelia und Wein & Schokolade,-1.0,413.0
837,837,S1 Vinyl & Kaffee,7.3,19.0
838,838,Gaststätte Weinberggärten,-1.0,322.0
839,839,Bayerischer Bahnhof,8.4,160.0
840,840,Zhang,7.8,171.0
841,841,Vietnam Küche,-1.0,198.0
842,842,Dios grill,-1.0,232.0
843,843,Shiki Sushi Bar Two,7.8,396.0
844,844,Uptown Coffee Bar,7.6,399.0
845,845,Da Salvo,6.3,334.0
846,846,Boof Pizza,-1.0,339.0
847,847,Subway,6.5,439.0
848,848,Addis Café Leipzig,-1.0,364.0
849,849,VITA B Gesund & Lecker,5.9,432.0
850,850,Amazigh Feinkost,-1.0,413.0
851,851,Saigon 1,-1.0,439.0
852,852,Imbiss M. Omran,-1.0,441.0
853,853,Sakura Sushi-Kunst,-1.0,465.0
854,854,Fam Tran Phat,-1.0,468.0
855,855,Pizzeria Del Cavaliere,-1.0,486.0
856,856,Big Burgester,-1.0,500.0
857,857,Bistro El-Amir,7.5,53.0
858,858,Olive Tree Döner & Pizza Leipzig,7.8,129.0
859,859,Kneipencafe Orange,7.0,138.0
860,860,L'angolo d'Italia,-1.0,71.0
861,861,La Strada,6.0,100.0
862,862,Stella Ristorante,-1.0,83.0
863,863,Acapulco,5.8,106.0
864,864,Safran,5.7,105.0
865,865,L'arte della cucina italiana,-1.0,99.0
866,866,Sona Leipzig,-1.0,105.0
867,867,Shady,7.5,222.0
868,868,Meetfreude,7.2,239.0
869,869,Divino,7.4,250.0
870,870,Goa - Indisches Restaurant,-1.0,167.0
871,871,Kollektiv,6.6,282.0
872,872,Café NiMo,-1.0,226.0
873,873,Café feinOST,-1.0,233.0
874,874,Mother India,-1.0,235.0
875,875,Domino's Pizza Leipzig Süd,-1.0,236.0
876,876,Sen Asia Food,-1.0,243.0
877,877,Cafe Maitre,8.1,161.0
878,878,Noels Ballroom,8.4,447.0
879,879,Lothar,-1.0,341.0
880,880,Alexanders,-1.0,374.0
881,881,Habibi Bistro Döner,-1.0,390.0
882,882,Yoko Sushi,-1.0,406.0
883,883,Asia Imbiss,-1.0,411.0
884,884,Mr. Thong Sushi & more,-1.0,414.0
885,885,Stückwerk Pizzakultur,-1.0,418.0
886,886,Burger King,5.3,412.0
887,887,Fam Tran Phat,-1.0,441.0
888,888,Saigon 1,-1.0,462.0
889,889,Orpheus,-1.0,510.0
890,890,Shams Bistro & Lieferservice,7.5,34.0
891,891,Noels Ballroom,8.4,290.0
892,892,Asia Imbiss,-1.0,172.0
893,893,Ungarisches Spezialitäten Restaurant Váradi Csárda,-1.0,256.0
894,894,Meetfreude,7.2,391.0
895,895,Divino,7.4,404.0
896,896,Yoko Sushi,-1.0,280.0
897,897,Skaska,-1.0,283.0
898,898,Fela,7.5,436.0
899,899,Shahia,7.6,469.0
900,900,Kollektiv,6.6,403.0
901,901,Mr. Thong Sushi & more,-1.0,343.0
902,902,Stückwerk Pizzakultur,-1.0,354.0
903,903,Alexanders,-1.0,362.0
904,904,Sen Asia Food,-1.0,393.0
905,905,Café feinOST,-1.0,430.0
906,906,Mother India,-1.0,430.0
907,907,Habibi Bistro Döner,-1.0,435.0
908,908,Mediengarten in der Mediacity am MDR,-1.0,466.0
909,909,Sindbad,-1.0,525.0
910,910,Cafe Maitre,8.1,462.0
911,911,Café Yellow,-1.0,135.0
912,912,Shahia,7.6,325.0
913,913,Fela,7.5,335.0
914,914,Subway,7.3,408.0
915,915,Antique Restaurant Syrian Cuisine,-1.0,320.0
916,916,Sindbad,-1.0,333.0
917,917,Cà Pháo,-1.0,341.0
918,918,Uno Pizza Leipzig Südvorstadt,-1.0,356.0
919,919,Orpheus,-1.0,362.0
920,920,Café Sòley,-1.0,407.0
921,921,Stückwerk Pizzakultur,-1.0,491.0
922,922,Döner King,5.9,86.0
923,923,Willsons,7.5,230.0
924,924,Curry Süd,6.1,163.0
925,925,DINA Falafel and more,-1.0,161.0
926,926,Restaurant Mona Lisa,-1.0,238.0
927,927,Subway,7.3,394.0
928,928,Goldfisch,-1.0,343.0
929,929,Vegan Express,-1.0,359.0
930,930,Café Sòley,-1.0,363.0
931,931,Bistro Shahia II,-1.0,371.0
932,932,MC Scheich II,-1.0,374.0
933,933,Krummbirne,-1.0,451.0
934,934,Le Cygne,-1.0,460.0
935,935,Pizza Revolution Leipzig,-1.0,463.0
936,936,Paps,-1.0,479.0
937,937,Uno Pizza Leipzig Gohlis,-1.0,216.0
938,938,Brotlos,-1.0,296.0
939,939,Ginseng,-1.0,347.0
940,940,Hacienda Mexicana,-1.0,404.0
941,941,Jeepney Café,-1.0,411.0
942,942,Bistro Antep,-1.0,450.0
943,943,Schwung und Schwebe,-1.0,490.0
944,944,Upper West Leipzig,6.2,45.0
945,945,Chinabrenner,7.6,167.0
946,946,Café Albert,7.0,273.0
947,947,Le Petit Franz,7.9,447.0
948,948,Moini - Steinofenpizza,-1.0,276.0
949,949,Beard Brothers feinen Hot Dog Company,7.8,475.0
950,950,Bistro am Kanal,-1.0,306.0
951,951,Chinabrenner Winterquartier,-1.0,325.0
952,952,Süß + Salzig,7.2,475.0
953,953,Croissanterie Leipzig,7.0,464.0
954,954,Cafeteria M9,-1.0,455.0
955,955,Call a Pizza,-1.0,481.0
956,956,Ratskeller der Stadt Leipzig,8.6,101.0
957,957,Schiller Cafe,7.0,86.0
958,958,MissMarple‘s – Steaks ‘n Bar,-1.0,74.0
959,959,Thüringer Hof,7.4,188.0
960,960,Bohemian Kids Cafe,8.7,243.0
961,961,ZR Zchaca Restaurant,8.2,236.0
962,962,L'Osteria,8.4,246.0
963,963,Il Corso,6.9,175.0
964,964,Kantine Leipzig,-1.0,101.0
965,965,La Piazza Gastronomie GmbH,-1.0,145.0
966,966,Max Enk,7.1,244.0
967,967,Sushi & Nem,6.4,225.0
968,968,Cafe Kandler,7.0,300.0
969,969,Hoshi Leipzig,-1.0,209.0
970,970,Cafe Madrid,7.8,400.0
971,971,Bins Chinarestaurant,-1.0,263.0
972,972,HANS IM GLÜCK - LEIPZIG Augustusplatz,7.4,408.0
973,973,Kimi,-1.0,268.0
974,974,Puro 5,6.6,354.0
975,975,Die erste Leipziger Brotschule mit und von Backhaus Wentzlaff,7.3,418.0
976,976,ALEX Leipzig,7.5,445.0
977,977,Bull & Bonito,-1.0,309.0
978,978,Central,6.7,399.0
979,979,Sardinia,7.1,463.0
980,980,Pizzeria Del Cavaliere,-1.0,337.0
981,981,DINEA Café & Restaurant,-1.0,351.0
982,982,Umaii Ramenbar,6.7,451.0
983,983,Barfusz,6.8,476.0
984,984,Stadtpfeiffer,-1.0,377.0
985,985,San Remo Pizzeria & Baguetteria,-1.0,382.0
986,986,Imbiss M. Omran,-1.0,393.0
987,987,Nordsee,6.4,465.0
988,988,La Grotta,6.9,225.0
989,989,Restaurant Amor,6.8,524.0
990,990,Zigarre,5.9,481.0
991,991,Sakura Sushi-Kunst,-1.0,462.0
992,992,Big Burgester,-1.0,466.0
993,993,Huwa,6.1,513.0
994,994,Fürst,-1.0,470.0
995,995,Domino's Pizza Leipzig Zentrum West (Domino‘s Pizza Leipzig Zentrum West),-1.0,483.0
996,996,Bellinis,5.2,472.0
997,997,Feuerwassereis Kochen Erleben,-1.0,493.0
998,998,Bäckerei Schäfers,-1.0,1322.0
999,999,Cafe Kiew,-1.0,457.0
1000,1000,Gaststätte Mariental,-1.0,248.0
1001,1001,VICTOR’S Restaurant,-1.0,74.0
1002,1002,Campus Suite,-1.0,82.0
1003,1003,Falafel Ali,-1.0,91.0
1004,1004,"Pizza Hut Leipzig, HBF",5.7,133.0
1005,1005,Masala - Indian Food,6.0,149.0
1006,1006,Asiahung,6.3,171.0
1007,1007,Burger King,5.3,139.0
1008,1008,Ciao Bella,-1.0,148.0
1009,1009,Imperii,8.4,315.0
1010,1010,Takumi Leipzig,-1.0,161.0
1011,1011,frischBack,-1.0,180.0
1012,1012,Frittenwerk,-1.0,180.0
1013,1013,Frittz,-1.0,196.0
1014,1014,Bagel Brothers,8.0,358.0
1015,1015,Planerts,7.4,352.0
1016,1016,McDonald's,5.5,235.0
1017,1017,ROCKET’S Burger,-1.0,264.0
1018,1018,Peperoni,-1.0,272.0
1019,1019,KFC,5.2,260.0
1020,1020,H & V Asia Imbiss Döner,-1.0,276.0
1021,1021,Andria Ristorante,7.1,421.0
1022,1022,Vietnam Bistro,-1.0,342.0
1023,1023,Goldene Kugel,6.2,406.0
1024,1024,Niiko Sushi x Vegan,-1.0,379.0
1025,1025,Indian Palace,6.3,455.0
1026,1026,Indian Crown,7.1,534.0
1027,1027,Mumbai,5.8,421.0
1028,1028,Gourmet-Restaurant FALCO,7.1,558.0
1029,1029,Indian Curry House,-1.0,435.0
1030,1030,Toskana Leipzig,-1.0,443.0
1031,1031,India Gate,5.7,467.0
1032,1032,Sole Mio,-1.0,483.0
